Algorithm,Description,tp
SAMME,10- AdaBoostClassifier,5.0
SAMME,20- AdaBoostClassifier,5.0
SAMME,50- AdaBoostClassifier,5.0
SAMME,100- AdaBoostClassifier,5.0
SAMME,150- AdaBoostClassifier,5.0
SAMME,200- AdaBoostClassifier,5.0
SAMME,250- AdaBoostClassifier,5.0
SAMME,500- AdaBoostClassifier,5.0
SAMME,750- AdaBoostClassifier,5.0
SAMME,1000- AdaBoostClassifier,5.0
SAMME,1500- AdaBoostClassifier,5.0
SAMME.R,10- AdaBoostClassifier,3.97
SAMME.R,20- AdaBoostClassifier,4.3
SAMME.R,50- AdaBoostClassifier,4.05
SAMME.R,100- AdaBoostClassifier,4.35
SAMME.R,150- AdaBoostClassifier,4.36
SAMME.R,200- AdaBoostClassifier,4.65
SAMME.R,250- AdaBoostClassifier,4.64
SAMME.R,500- AdaBoostClassifier,4.77
SAMME.R,750- AdaBoostClassifier,4.87
SAMME.R,1000- AdaBoostClassifier,4.88
SAMME.R,1500- AdaBoostClassifier,4.93
Naive Bayes,GaussianNB,5.0
Naive Bayes,BernoulliNB,0.0
SVC,linear,5.0
SVC,poly,5.0
SVC,rbf,5.0
SVC,sigmoid,6.0
RandomForestClassifier,gini - 10,4.0
RandomForestClassifier,gini - 20,4.0
RandomForestClassifier,gini - 50,5.0
RandomForestClassifier,gini - 100,5.0
RandomForestClassifier,gini - 150,5.0
RandomForestClassifier,gini - 200,5.0
RandomForestClassifier,gini - 250,5.0
RandomForestClassifier,gini - 500,5.0
RandomForestClassifier,gini - 750,5.0
RandomForestClassifier,gini - 1000,5.0
RandomForestClassifier,gini - 1500,5.0
RandomForestClassifier,entropy - 10,4.0
RandomForestClassifier,entropy - 20,4.0
RandomForestClassifier,entropy - 50,5.0
RandomForestClassifier,entropy - 100,5.0
RandomForestClassifier,entropy - 150,5.0
RandomForestClassifier,entropy - 200,5.0
RandomForestClassifier,entropy - 250,5.0
RandomForestClassifier,entropy - 500,5.0
RandomForestClassifier,entropy - 750,5.0
RandomForestClassifier,entropy - 1000,5.0
RandomForestClassifier,entropy - 1500,5.0
NuSVC,kernel: linear,5.0
NuSVC,kernel: poly,5.0
NuSVC,kernel: rbf,5.0
NuSVC,kernel: sigmoid,6.0
GradientBoostingClassifier,GradientBoostingClassifier 10,3.04
GradientBoostingClassifier,GradientBoostingClassifier 20,3.01
GradientBoostingClassifier,GradientBoostingClassifier 50,3.0
GradientBoostingClassifier,GradientBoostingClassifier 100,3.0
GradientBoostingClassifier,GradientBoostingClassifier 150,3.0
GradientBoostingClassifier,GradientBoostingClassifier 200,3.0
GradientBoostingClassifier,GradientBoostingClassifier 250,3.0
GradientBoostingClassifier,GradientBoostingClassifier 500,3.0
GradientBoostingClassifier,GradientBoostingClassifier 750,3.0
GradientBoostingClassifier,GradientBoostingClassifier 1000,3.0
GradientBoostingClassifier,GradientBoostingClassifier 1500,3.0
gini,DecisionTreeClassifier gini best,2.0
gini,DecisionTreeClassifier gini random,3.0
entropy,DecisionTreeClassifier entropy best,2.0
entropy,DecisionTreeClassifier entropy random,3.0
auto,minkowski-uniform KNN: 2,1.0
auto,minkowski-uniform KNN: 3,3.0
auto,minkowski-uniform KNN: 4,0.0
auto,euclidean-uniform KNN: 2,1.0
auto,euclidean-uniform KNN: 3,3.0
auto,euclidean-uniform KNN: 4,0.0
auto,minkowski-distance KNN: 2,5.0
auto,minkowski-distance KNN: 3,4.0
auto,minkowski-distance KNN: 4,5.0
auto,euclidean-distance KNN: 2,5.0
auto,euclidean-distance KNN: 3,4.0
auto,euclidean-distance KNN: 4,5.0
ball_tree,minkowski-uniform KNN: 2,1.0
ball_tree,minkowski-uniform KNN: 3,3.0
ball_tree,minkowski-uniform KNN: 4,0.0
ball_tree,euclidean-uniform KNN: 2,1.0
ball_tree,euclidean-uniform KNN: 3,3.0
ball_tree,euclidean-uniform KNN: 4,0.0
ball_tree,minkowski-distance KNN: 2,5.0
ball_tree,minkowski-distance KNN: 3,4.0
ball_tree,minkowski-distance KNN: 4,5.0
ball_tree,euclidean-distance KNN: 2,5.0
ball_tree,euclidean-distance KNN: 3,4.0
ball_tree,euclidean-distance KNN: 4,5.0
kd_tree,minkowski-uniform KNN: 2,1.0
kd_tree,minkowski-uniform KNN: 3,3.0
kd_tree,minkowski-uniform KNN: 4,0.0
kd_tree,euclidean-uniform KNN: 2,1.0
kd_tree,euclidean-uniform KNN: 3,3.0
kd_tree,euclidean-uniform KNN: 4,0.0
kd_tree,minkowski-distance KNN: 2,5.0
kd_tree,minkowski-distance KNN: 3,4.0
kd_tree,minkowski-distance KNN: 4,5.0
kd_tree,euclidean-distance KNN: 2,5.0
kd_tree,euclidean-distance KNN: 3,4.0
kd_tree,euclidean-distance KNN: 4,5.0
brute,minkowski-uniform KNN: 2,1.0
brute,minkowski-uniform KNN: 3,3.0
brute,minkowski-uniform KNN: 4,0.0
brute,euclidean-uniform KNN: 2,1.0
brute,euclidean-uniform KNN: 3,3.0
brute,euclidean-uniform KNN: 4,0.0
brute,minkowski-distance KNN: 2,5.0
brute,minkowski-distance KNN: 3,4.0
brute,minkowski-distance KNN: 4,5.0
brute,euclidean-distance KNN: 2,5.0
brute,euclidean-distance KNN: 3,4.0
brute,euclidean-distance KNN: 4,5.0
MLPClassifier,identity-lbfgs-constant (5-5-5),3.66
MLPClassifier,identity-lbfgs-constant (5-5-10),3.76
MLPClassifier,identity-lbfgs-constant (5-5-15),3.65
MLPClassifier,identity-lbfgs-constant (5-10-5),3.69
MLPClassifier,identity-lbfgs-constant (5-10-10),3.74
MLPClassifier,identity-lbfgs-constant (5-10-15),3.67
MLPClassifier,identity-lbfgs-constant (5-15-5),3.59
MLPClassifier,identity-lbfgs-constant (5-15-10),3.7
MLPClassifier,identity-lbfgs-constant (5-15-15),3.69
MLPClassifier,identity-lbfgs-constant (10-5-5),3.66
MLPClassifier,identity-lbfgs-constant (10-5-10),3.79
MLPClassifier,identity-lbfgs-constant (10-5-15),3.75
MLPClassifier,identity-lbfgs-constant (10-10-5),3.82
MLPClassifier,identity-lbfgs-constant (10-10-10),3.75
MLPClassifier,identity-lbfgs-constant (10-10-15),3.59
MLPClassifier,identity-lbfgs-constant (10-15-5),3.6
MLPClassifier,identity-lbfgs-constant (10-15-10),3.69
MLPClassifier,identity-lbfgs-constant (10-15-15),3.71
MLPClassifier,identity-lbfgs-constant (15-5-5),3.65
MLPClassifier,identity-lbfgs-constant (15-5-10),3.78
MLPClassifier,identity-lbfgs-constant (15-5-15),3.61
MLPClassifier,identity-lbfgs-constant (15-10-5),3.64
MLPClassifier,identity-lbfgs-constant (15-10-10),3.57
MLPClassifier,identity-lbfgs-constant (15-10-15),3.75
MLPClassifier,identity-lbfgs-constant (15-15-5),3.56
MLPClassifier,identity-lbfgs-constant (15-15-10),3.55
MLPClassifier,identity-lbfgs-constant (15-15-15),3.71
MLPClassifier,identity-lbfgs-invscaling (5-5-5),3.54
MLPClassifier,identity-lbfgs-invscaling (5-5-10),3.65
MLPClassifier,identity-lbfgs-invscaling (5-5-15),3.52
MLPClassifier,identity-lbfgs-invscaling (5-10-5),3.66
MLPClassifier,identity-lbfgs-invscaling (5-10-10),3.7
MLPClassifier,identity-lbfgs-invscaling (5-10-15),3.56
MLPClassifier,identity-lbfgs-invscaling (5-15-5),3.73
MLPClassifier,identity-lbfgs-invscaling (5-15-10),3.64
MLPClassifier,identity-lbfgs-invscaling (5-15-15),3.68
MLPClassifier,identity-lbfgs-invscaling (10-5-5),3.74
MLPClassifier,identity-lbfgs-invscaling (10-5-10),3.62
MLPClassifier,identity-lbfgs-invscaling (10-5-15),3.82
MLPClassifier,identity-lbfgs-invscaling (10-10-5),3.71
MLPClassifier,identity-lbfgs-invscaling (10-10-10),3.7
MLPClassifier,identity-lbfgs-invscaling (10-10-15),3.7
MLPClassifier,identity-lbfgs-invscaling (10-15-5),3.66
MLPClassifier,identity-lbfgs-invscaling (10-15-10),3.55
MLPClassifier,identity-lbfgs-invscaling (10-15-15),3.68
MLPClassifier,identity-lbfgs-invscaling (15-5-5),3.71
MLPClassifier,identity-lbfgs-invscaling (15-5-10),3.69
MLPClassifier,identity-lbfgs-invscaling (15-5-15),3.64
MLPClassifier,identity-lbfgs-invscaling (15-10-5),3.66
MLPClassifier,identity-lbfgs-invscaling (15-10-10),3.67
MLPClassifier,identity-lbfgs-invscaling (15-10-15),3.65
MLPClassifier,identity-lbfgs-invscaling (15-15-5),3.63
MLPClassifier,identity-lbfgs-invscaling (15-15-10),3.64
MLPClassifier,identity-lbfgs-invscaling (15-15-15),3.65
MLPClassifier,identity-lbfgs-adaptive (5-5-5),3.71
MLPClassifier,identity-lbfgs-adaptive (5-5-10),3.67
MLPClassifier,identity-lbfgs-adaptive (5-5-15),3.53
MLPClassifier,identity-lbfgs-adaptive (5-10-5),3.6
MLPClassifier,identity-lbfgs-adaptive (5-10-10),3.65
MLPClassifier,identity-lbfgs-adaptive (5-10-15),3.65
MLPClassifier,identity-lbfgs-adaptive (5-15-5),3.57
MLPClassifier,identity-lbfgs-adaptive (5-15-10),3.75
MLPClassifier,identity-lbfgs-adaptive (5-15-15),3.68
MLPClassifier,identity-lbfgs-adaptive (10-5-5),3.67
MLPClassifier,identity-lbfgs-adaptive (10-5-10),3.64
MLPClassifier,identity-lbfgs-adaptive (10-5-15),3.67
MLPClassifier,identity-lbfgs-adaptive (10-10-5),3.68
MLPClassifier,identity-lbfgs-adaptive (10-10-10),3.64
MLPClassifier,identity-lbfgs-adaptive (10-10-15),3.57
MLPClassifier,identity-lbfgs-adaptive (10-15-5),3.62
MLPClassifier,identity-lbfgs-adaptive (10-15-10),3.7
MLPClassifier,identity-lbfgs-adaptive (10-15-15),3.64
MLPClassifier,identity-lbfgs-adaptive (15-5-5),3.52
MLPClassifier,identity-lbfgs-adaptive (15-5-10),3.68
MLPClassifier,identity-lbfgs-adaptive (15-5-15),3.62
MLPClassifier,identity-lbfgs-adaptive (15-10-5),3.57
MLPClassifier,identity-lbfgs-adaptive (15-10-10),3.64
MLPClassifier,identity-lbfgs-adaptive (15-10-15),3.64
MLPClassifier,identity-lbfgs-adaptive (15-15-5),3.78
MLPClassifier,identity-lbfgs-adaptive (15-15-10),3.63
MLPClassifier,identity-lbfgs-adaptive (15-15-15),3.74
MLPClassifier,identity-sgd-constant (5-5-5),3.06
MLPClassifier,identity-sgd-constant (5-5-10),3.06
MLPClassifier,identity-sgd-constant (5-5-15),2.91
MLPClassifier,identity-sgd-constant (5-10-5),3.24
MLPClassifier,identity-sgd-constant (5-10-10),3.34
MLPClassifier,identity-sgd-constant (5-10-15),3.08
MLPClassifier,identity-sgd-constant (5-15-5),3.24
MLPClassifier,identity-sgd-constant (5-15-10),3.21
MLPClassifier,identity-sgd-constant (5-15-15),3.37
MLPClassifier,identity-sgd-constant (10-5-5),3.32
MLPClassifier,identity-sgd-constant (10-5-10),3.13
MLPClassifier,identity-sgd-constant (10-5-15),3.12
MLPClassifier,identity-sgd-constant (10-10-5),3.25
MLPClassifier,identity-sgd-constant (10-10-10),3.14
MLPClassifier,identity-sgd-constant (10-10-15),3.38
MLPClassifier,identity-sgd-constant (10-15-5),3.06
MLPClassifier,identity-sgd-constant (10-15-10),3.24
MLPClassifier,identity-sgd-constant (10-15-15),3.24
MLPClassifier,identity-sgd-constant (15-5-5),3.26
MLPClassifier,identity-sgd-constant (15-5-10),3.28
MLPClassifier,identity-sgd-constant (15-5-15),3.23
MLPClassifier,identity-sgd-constant (15-10-5),3.14
MLPClassifier,identity-sgd-constant (15-10-10),3.31
MLPClassifier,identity-sgd-constant (15-10-15),3.17
MLPClassifier,identity-sgd-constant (15-15-5),3.3
MLPClassifier,identity-sgd-constant (15-15-10),3.23
MLPClassifier,identity-sgd-constant (15-15-15),3.38
MLPClassifier,identity-sgd-invscaling (5-5-5),3.13
MLPClassifier,identity-sgd-invscaling (5-5-10),3.01
MLPClassifier,identity-sgd-invscaling (5-5-15),2.91
MLPClassifier,identity-sgd-invscaling (5-10-5),3.07
MLPClassifier,identity-sgd-invscaling (5-10-10),2.94
MLPClassifier,identity-sgd-invscaling (5-10-15),2.77
MLPClassifier,identity-sgd-invscaling (5-15-5),2.96
MLPClassifier,identity-sgd-invscaling (5-15-10),3.07
MLPClassifier,identity-sgd-invscaling (5-15-15),3.11
MLPClassifier,identity-sgd-invscaling (10-5-5),2.87
MLPClassifier,identity-sgd-invscaling (10-5-10),3.19
MLPClassifier,identity-sgd-invscaling (10-5-15),3.01
MLPClassifier,identity-sgd-invscaling (10-10-5),2.98
MLPClassifier,identity-sgd-invscaling (10-10-10),2.87
MLPClassifier,identity-sgd-invscaling (10-10-15),2.88
MLPClassifier,identity-sgd-invscaling (10-15-5),3.1
MLPClassifier,identity-sgd-invscaling (10-15-10),3.16
MLPClassifier,identity-sgd-invscaling (10-15-15),2.88
MLPClassifier,identity-sgd-invscaling (15-5-5),3.09
MLPClassifier,identity-sgd-invscaling (15-5-10),3.0
MLPClassifier,identity-sgd-invscaling (15-5-15),3.13
MLPClassifier,identity-sgd-invscaling (15-10-5),2.99
MLPClassifier,identity-sgd-invscaling (15-10-10),2.9
MLPClassifier,identity-sgd-invscaling (15-10-15),2.83
MLPClassifier,identity-sgd-invscaling (15-15-5),3.07
MLPClassifier,identity-sgd-invscaling (15-15-10),3.05
MLPClassifier,identity-sgd-invscaling (15-15-15),3.09
MLPClassifier,identity-sgd-adaptive (5-5-5),3.0
MLPClassifier,identity-sgd-adaptive (5-5-10),3.08
MLPClassifier,identity-sgd-adaptive (5-5-15),3.15
MLPClassifier,identity-sgd-adaptive (5-10-5),3.13
MLPClassifier,identity-sgd-adaptive (5-10-10),3.26
MLPClassifier,identity-sgd-adaptive (5-10-15),3.25
MLPClassifier,identity-sgd-adaptive (5-15-5),3.2
MLPClassifier,identity-sgd-adaptive (5-15-10),3.05
MLPClassifier,identity-sgd-adaptive (5-15-15),3.31
MLPClassifier,identity-sgd-adaptive (10-5-5),3.34
MLPClassifier,identity-sgd-adaptive (10-5-10),3.35
MLPClassifier,identity-sgd-adaptive (10-5-15),3.04
MLPClassifier,identity-sgd-adaptive (10-10-5),3.13
MLPClassifier,identity-sgd-adaptive (10-10-10),3.44
MLPClassifier,identity-sgd-adaptive (10-10-15),2.99
MLPClassifier,identity-sgd-adaptive (10-15-5),2.97
MLPClassifier,identity-sgd-adaptive (10-15-10),3.29
MLPClassifier,identity-sgd-adaptive (10-15-15),3.39
MLPClassifier,identity-sgd-adaptive (15-5-5),3.33
MLPClassifier,identity-sgd-adaptive (15-5-10),3.43
MLPClassifier,identity-sgd-adaptive (15-5-15),3.26
MLPClassifier,identity-sgd-adaptive (15-10-5),3.22
MLPClassifier,identity-sgd-adaptive (15-10-10),3.06
MLPClassifier,identity-sgd-adaptive (15-10-15),3.33
MLPClassifier,identity-sgd-adaptive (15-15-5),3.18
MLPClassifier,identity-sgd-adaptive (15-15-10),3.45
MLPClassifier,identity-sgd-adaptive (15-15-15),3.32
MLPClassifier,identity-adam-constant (5-5-5),4.6
MLPClassifier,identity-adam-constant (5-5-10),4.44
MLPClassifier,identity-adam-constant (5-5-15),4.39
MLPClassifier,identity-adam-constant (5-10-5),4.53
MLPClassifier,identity-adam-constant (5-10-10),4.1
MLPClassifier,identity-adam-constant (5-10-15),4.08
MLPClassifier,identity-adam-constant (5-15-5),4.45
MLPClassifier,identity-adam-constant (5-15-10),3.95
MLPClassifier,identity-adam-constant (5-15-15),3.93
MLPClassifier,identity-adam-constant (10-5-5),4.94
MLPClassifier,identity-adam-constant (10-5-10),4.76
MLPClassifier,identity-adam-constant (10-5-15),4.64
MLPClassifier,identity-adam-constant (10-10-5),4.66
MLPClassifier,identity-adam-constant (10-10-10),4.48
MLPClassifier,identity-adam-constant (10-10-15),4.19
MLPClassifier,identity-adam-constant (10-15-5),4.48
MLPClassifier,identity-adam-constant (10-15-10),4.01
MLPClassifier,identity-adam-constant (10-15-15),3.8
MLPClassifier,identity-adam-constant (15-5-5),4.93
MLPClassifier,identity-adam-constant (15-5-10),4.73
MLPClassifier,identity-adam-constant (15-5-15),4.51
MLPClassifier,identity-adam-constant (15-10-5),4.73
MLPClassifier,identity-adam-constant (15-10-10),4.23
MLPClassifier,identity-adam-constant (15-10-15),4.11
MLPClassifier,identity-adam-constant (15-15-5),4.34
MLPClassifier,identity-adam-constant (15-15-10),3.9
MLPClassifier,identity-adam-constant (15-15-15),3.73
MLPClassifier,identity-adam-invscaling (5-5-5),4.58
MLPClassifier,identity-adam-invscaling (5-5-10),4.6
MLPClassifier,identity-adam-invscaling (5-5-15),4.23
MLPClassifier,identity-adam-invscaling (5-10-5),4.47
MLPClassifier,identity-adam-invscaling (5-10-10),4.47
MLPClassifier,identity-adam-invscaling (5-10-15),4.21
MLPClassifier,identity-adam-invscaling (5-15-5),4.42
MLPClassifier,identity-adam-invscaling (5-15-10),4.1
MLPClassifier,identity-adam-invscaling (5-15-15),4.0
MLPClassifier,identity-adam-invscaling (10-5-5),4.88
MLPClassifier,identity-adam-invscaling (10-5-10),4.79
MLPClassifier,identity-adam-invscaling (10-5-15),4.58
MLPClassifier,identity-adam-invscaling (10-10-5),4.74
MLPClassifier,identity-adam-invscaling (10-10-10),4.41
MLPClassifier,identity-adam-invscaling (10-10-15),4.17
MLPClassifier,identity-adam-invscaling (10-15-5),4.38
MLPClassifier,identity-adam-invscaling (10-15-10),4.03
MLPClassifier,identity-adam-invscaling (10-15-15),3.81
MLPClassifier,identity-adam-invscaling (15-5-5),4.91
MLPClassifier,identity-adam-invscaling (15-5-10),4.82
MLPClassifier,identity-adam-invscaling (15-5-15),4.62
MLPClassifier,identity-adam-invscaling (15-10-5),4.63
MLPClassifier,identity-adam-invscaling (15-10-10),4.39
MLPClassifier,identity-adam-invscaling (15-10-15),4.1
MLPClassifier,identity-adam-invscaling (15-15-5),4.27
MLPClassifier,identity-adam-invscaling (15-15-10),4.13
MLPClassifier,identity-adam-invscaling (15-15-15),3.74
MLPClassifier,identity-adam-adaptive (5-5-5),4.63
MLPClassifier,identity-adam-adaptive (5-5-10),4.4
MLPClassifier,identity-adam-adaptive (5-5-15),4.35
MLPClassifier,identity-adam-adaptive (5-10-5),4.61
MLPClassifier,identity-adam-adaptive (5-10-10),4.3
MLPClassifier,identity-adam-adaptive (5-10-15),4.25
MLPClassifier,identity-adam-adaptive (5-15-5),4.35
MLPClassifier,identity-adam-adaptive (5-15-10),4.07
MLPClassifier,identity-adam-adaptive (5-15-15),3.93
MLPClassifier,identity-adam-adaptive (10-5-5),4.81
MLPClassifier,identity-adam-adaptive (10-5-10),4.7
MLPClassifier,identity-adam-adaptive (10-5-15),4.65
MLPClassifier,identity-adam-adaptive (10-10-5),4.62
MLPClassifier,identity-adam-adaptive (10-10-10),4.44
MLPClassifier,identity-adam-adaptive (10-10-15),4.16
MLPClassifier,identity-adam-adaptive (10-15-5),4.43
MLPClassifier,identity-adam-adaptive (10-15-10),4.06
MLPClassifier,identity-adam-adaptive (10-15-15),3.85
MLPClassifier,identity-adam-adaptive (15-5-5),4.88
MLPClassifier,identity-adam-adaptive (15-5-10),4.92
MLPClassifier,identity-adam-adaptive (15-5-15),4.53
MLPClassifier,identity-adam-adaptive (15-10-5),4.65
MLPClassifier,identity-adam-adaptive (15-10-10),4.46
MLPClassifier,identity-adam-adaptive (15-10-15),3.99
MLPClassifier,identity-adam-adaptive (15-15-5),4.29
MLPClassifier,identity-adam-adaptive (15-15-10),3.88
MLPClassifier,identity-adam-adaptive (15-15-15),3.7
MLPClassifier,logistic-lbfgs-constant (5-5-5),3.08
MLPClassifier,logistic-lbfgs-constant (5-5-10),3.07
MLPClassifier,logistic-lbfgs-constant (5-5-15),3.26
MLPClassifier,logistic-lbfgs-constant (5-10-5),3.09
MLPClassifier,logistic-lbfgs-constant (5-10-10),2.92
MLPClassifier,logistic-lbfgs-constant (5-10-15),3.09
MLPClassifier,logistic-lbfgs-constant (5-15-5),2.99
MLPClassifier,logistic-lbfgs-constant (5-15-10),2.94
MLPClassifier,logistic-lbfgs-constant (5-15-15),2.98
MLPClassifier,logistic-lbfgs-constant (10-5-5),3.1
MLPClassifier,logistic-lbfgs-constant (10-5-10),3.08
MLPClassifier,logistic-lbfgs-constant (10-5-15),3.04
MLPClassifier,logistic-lbfgs-constant (10-10-5),3.1
MLPClassifier,logistic-lbfgs-constant (10-10-10),3.17
MLPClassifier,logistic-lbfgs-constant (10-10-15),3.02
MLPClassifier,logistic-lbfgs-constant (10-15-5),3.01
MLPClassifier,logistic-lbfgs-constant (10-15-10),3.13
MLPClassifier,logistic-lbfgs-constant (10-15-15),3.01
MLPClassifier,logistic-lbfgs-constant (15-5-5),3.04
MLPClassifier,logistic-lbfgs-constant (15-5-10),3.27
MLPClassifier,logistic-lbfgs-constant (15-5-15),2.9
MLPClassifier,logistic-lbfgs-constant (15-10-5),2.94
MLPClassifier,logistic-lbfgs-constant (15-10-10),3.04
MLPClassifier,logistic-lbfgs-constant (15-10-15),2.95
MLPClassifier,logistic-lbfgs-constant (15-15-5),2.92
MLPClassifier,logistic-lbfgs-constant (15-15-10),3.19
MLPClassifier,logistic-lbfgs-constant (15-15-15),2.88
MLPClassifier,logistic-lbfgs-invscaling (5-5-5),3.24
MLPClassifier,logistic-lbfgs-invscaling (5-5-10),3.13
MLPClassifier,logistic-lbfgs-invscaling (5-5-15),3.07
MLPClassifier,logistic-lbfgs-invscaling (5-10-5),3.01
MLPClassifier,logistic-lbfgs-invscaling (5-10-10),3.2
MLPClassifier,logistic-lbfgs-invscaling (5-10-15),3.03
MLPClassifier,logistic-lbfgs-invscaling (5-15-5),2.95
MLPClassifier,logistic-lbfgs-invscaling (5-15-10),3.04
MLPClassifier,logistic-lbfgs-invscaling (5-15-15),2.95
MLPClassifier,logistic-lbfgs-invscaling (10-5-5),3.2
MLPClassifier,logistic-lbfgs-invscaling (10-5-10),3.47
MLPClassifier,logistic-lbfgs-invscaling (10-5-15),3.15
MLPClassifier,logistic-lbfgs-invscaling (10-10-5),3.27
MLPClassifier,logistic-lbfgs-invscaling (10-10-10),2.8
MLPClassifier,logistic-lbfgs-invscaling (10-10-15),3.03
MLPClassifier,logistic-lbfgs-invscaling (10-15-5),2.99
MLPClassifier,logistic-lbfgs-invscaling (10-15-10),3.01
MLPClassifier,logistic-lbfgs-invscaling (10-15-15),2.9
MLPClassifier,logistic-lbfgs-invscaling (15-5-5),3.24
MLPClassifier,logistic-lbfgs-invscaling (15-5-10),3.02
MLPClassifier,logistic-lbfgs-invscaling (15-5-15),3.08
MLPClassifier,logistic-lbfgs-invscaling (15-10-5),3.0
MLPClassifier,logistic-lbfgs-invscaling (15-10-10),3.13
MLPClassifier,logistic-lbfgs-invscaling (15-10-15),3.09
MLPClassifier,logistic-lbfgs-invscaling (15-15-5),2.76
MLPClassifier,logistic-lbfgs-invscaling (15-15-10),2.76
MLPClassifier,logistic-lbfgs-invscaling (15-15-15),2.97
MLPClassifier,logistic-lbfgs-adaptive (5-5-5),3.15
MLPClassifier,logistic-lbfgs-adaptive (5-5-10),3.21
MLPClassifier,logistic-lbfgs-adaptive (5-5-15),3.15
MLPClassifier,logistic-lbfgs-adaptive (5-10-5),3.08
MLPClassifier,logistic-lbfgs-adaptive (5-10-10),3.01
MLPClassifier,logistic-lbfgs-adaptive (5-10-15),3.03
MLPClassifier,logistic-lbfgs-adaptive (5-15-5),3.01
MLPClassifier,logistic-lbfgs-adaptive (5-15-10),2.98
MLPClassifier,logistic-lbfgs-adaptive (5-15-15),3.17
MLPClassifier,logistic-lbfgs-adaptive (10-5-5),3.03
MLPClassifier,logistic-lbfgs-adaptive (10-5-10),3.02
MLPClassifier,logistic-lbfgs-adaptive (10-5-15),2.85
MLPClassifier,logistic-lbfgs-adaptive (10-10-5),2.81
MLPClassifier,logistic-lbfgs-adaptive (10-10-10),3.02
MLPClassifier,logistic-lbfgs-adaptive (10-10-15),3.1
MLPClassifier,logistic-lbfgs-adaptive (10-15-5),3.04
MLPClassifier,logistic-lbfgs-adaptive (10-15-10),2.97
MLPClassifier,logistic-lbfgs-adaptive (10-15-15),3.03
MLPClassifier,logistic-lbfgs-adaptive (15-5-5),3.16
MLPClassifier,logistic-lbfgs-adaptive (15-5-10),3.05
MLPClassifier,logistic-lbfgs-adaptive (15-5-15),3.22
MLPClassifier,logistic-lbfgs-adaptive (15-10-5),3.17
MLPClassifier,logistic-lbfgs-adaptive (15-10-10),3.08
MLPClassifier,logistic-lbfgs-adaptive (15-10-15),2.92
MLPClassifier,logistic-lbfgs-adaptive (15-15-5),2.94
MLPClassifier,logistic-lbfgs-adaptive (15-15-10),2.93
MLPClassifier,logistic-lbfgs-adaptive (15-15-15),2.93
MLPClassifier,logistic-sgd-constant (5-5-5),3.09
MLPClassifier,logistic-sgd-constant (5-5-10),3.21
MLPClassifier,logistic-sgd-constant (5-5-15),2.94
MLPClassifier,logistic-sgd-constant (5-10-5),2.97
MLPClassifier,logistic-sgd-constant (5-10-10),3.05
MLPClassifier,logistic-sgd-constant (5-10-15),2.92
MLPClassifier,logistic-sgd-constant (5-15-5),3.05
MLPClassifier,logistic-sgd-constant (5-15-10),3.23
MLPClassifier,logistic-sgd-constant (5-15-15),3.09
MLPClassifier,logistic-sgd-constant (10-5-5),3.12
MLPClassifier,logistic-sgd-constant (10-5-10),3.09
MLPClassifier,logistic-sgd-constant (10-5-15),2.87
MLPClassifier,logistic-sgd-constant (10-10-5),3.13
MLPClassifier,logistic-sgd-constant (10-10-10),2.93
MLPClassifier,logistic-sgd-constant (10-10-15),3.1
MLPClassifier,logistic-sgd-constant (10-15-5),3.0
MLPClassifier,logistic-sgd-constant (10-15-10),3.07
MLPClassifier,logistic-sgd-constant (10-15-15),2.96
MLPClassifier,logistic-sgd-constant (15-5-5),3.12
MLPClassifier,logistic-sgd-constant (15-5-10),3.0
MLPClassifier,logistic-sgd-constant (15-5-15),3.06
MLPClassifier,logistic-sgd-constant (15-10-5),2.9
MLPClassifier,logistic-sgd-constant (15-10-10),3.07
MLPClassifier,logistic-sgd-constant (15-10-15),2.95
MLPClassifier,logistic-sgd-constant (15-15-5),2.77
MLPClassifier,logistic-sgd-constant (15-15-10),3.01
MLPClassifier,logistic-sgd-constant (15-15-15),3.02
MLPClassifier,logistic-sgd-invscaling (5-5-5),3.02
MLPClassifier,logistic-sgd-invscaling (5-5-10),2.96
MLPClassifier,logistic-sgd-invscaling (5-5-15),3.11
MLPClassifier,logistic-sgd-invscaling (5-10-5),2.93
MLPClassifier,logistic-sgd-invscaling (5-10-10),2.86
MLPClassifier,logistic-sgd-invscaling (5-10-15),2.94
MLPClassifier,logistic-sgd-invscaling (5-15-5),3.05
MLPClassifier,logistic-sgd-invscaling (5-15-10),2.9
MLPClassifier,logistic-sgd-invscaling (5-15-15),3.03
MLPClassifier,logistic-sgd-invscaling (10-5-5),3.07
MLPClassifier,logistic-sgd-invscaling (10-5-10),2.85
MLPClassifier,logistic-sgd-invscaling (10-5-15),3.21
MLPClassifier,logistic-sgd-invscaling (10-10-5),2.9
MLPClassifier,logistic-sgd-invscaling (10-10-10),3.1
MLPClassifier,logistic-sgd-invscaling (10-10-15),2.91
MLPClassifier,logistic-sgd-invscaling (10-15-5),3.11
MLPClassifier,logistic-sgd-invscaling (10-15-10),2.96
MLPClassifier,logistic-sgd-invscaling (10-15-15),3.15
MLPClassifier,logistic-sgd-invscaling (15-5-5),3.19
MLPClassifier,logistic-sgd-invscaling (15-5-10),3.06
MLPClassifier,logistic-sgd-invscaling (15-5-15),2.88
MLPClassifier,logistic-sgd-invscaling (15-10-5),3.17
MLPClassifier,logistic-sgd-invscaling (15-10-10),3.07
MLPClassifier,logistic-sgd-invscaling (15-10-15),3.16
MLPClassifier,logistic-sgd-invscaling (15-15-5),3.03
MLPClassifier,logistic-sgd-invscaling (15-15-10),3.14
MLPClassifier,logistic-sgd-invscaling (15-15-15),2.82
MLPClassifier,logistic-sgd-adaptive (5-5-5),3.08
MLPClassifier,logistic-sgd-adaptive (5-5-10),3.05
MLPClassifier,logistic-sgd-adaptive (5-5-15),2.95
MLPClassifier,logistic-sgd-adaptive (5-10-5),2.82
MLPClassifier,logistic-sgd-adaptive (5-10-10),3.03
MLPClassifier,logistic-sgd-adaptive (5-10-15),3.14
MLPClassifier,logistic-sgd-adaptive (5-15-5),2.99
MLPClassifier,logistic-sgd-adaptive (5-15-10),2.98
MLPClassifier,logistic-sgd-adaptive (5-15-15),3.01
MLPClassifier,logistic-sgd-adaptive (10-5-5),3.07
MLPClassifier,logistic-sgd-adaptive (10-5-10),3.04
MLPClassifier,logistic-sgd-adaptive (10-5-15),3.08
MLPClassifier,logistic-sgd-adaptive (10-10-5),3.03
MLPClassifier,logistic-sgd-adaptive (10-10-10),3.0
MLPClassifier,logistic-sgd-adaptive (10-10-15),3.1
MLPClassifier,logistic-sgd-adaptive (10-15-5),2.8
MLPClassifier,logistic-sgd-adaptive (10-15-10),3.05
MLPClassifier,logistic-sgd-adaptive (10-15-15),3.11
MLPClassifier,logistic-sgd-adaptive (15-5-5),3.09
MLPClassifier,logistic-sgd-adaptive (15-5-10),3.11
MLPClassifier,logistic-sgd-adaptive (15-5-15),2.96
MLPClassifier,logistic-sgd-adaptive (15-10-5),2.96
MLPClassifier,logistic-sgd-adaptive (15-10-10),3.13
MLPClassifier,logistic-sgd-adaptive (15-10-15),3.05
MLPClassifier,logistic-sgd-adaptive (15-15-5),2.98
MLPClassifier,logistic-sgd-adaptive (15-15-10),3.03
MLPClassifier,logistic-sgd-adaptive (15-15-15),2.84
MLPClassifier,logistic-adam-constant (5-5-5),3.04
MLPClassifier,logistic-adam-constant (5-5-10),3.1
MLPClassifier,logistic-adam-constant (5-5-15),3.08
MLPClassifier,logistic-adam-constant (5-10-5),3.14
MLPClassifier,logistic-adam-constant (5-10-10),3.01
MLPClassifier,logistic-adam-constant (5-10-15),3.12
MLPClassifier,logistic-adam-constant (5-15-5),3.08
MLPClassifier,logistic-adam-constant (5-15-10),2.87
MLPClassifier,logistic-adam-constant (5-15-15),3.17
MLPClassifier,logistic-adam-constant (10-5-5),3.04
MLPClassifier,logistic-adam-constant (10-5-10),3.1
MLPClassifier,logistic-adam-constant (10-5-15),2.96
MLPClassifier,logistic-adam-constant (10-10-5),3.03
MLPClassifier,logistic-adam-constant (10-10-10),2.98
MLPClassifier,logistic-adam-constant (10-10-15),2.99
MLPClassifier,logistic-adam-constant (10-15-5),2.85
MLPClassifier,logistic-adam-constant (10-15-10),3.09
MLPClassifier,logistic-adam-constant (10-15-15),2.85
MLPClassifier,logistic-adam-constant (15-5-5),3.1
MLPClassifier,logistic-adam-constant (15-5-10),2.99
MLPClassifier,logistic-adam-constant (15-5-15),3.27
MLPClassifier,logistic-adam-constant (15-10-5),3.01
MLPClassifier,logistic-adam-constant (15-10-10),3.11
MLPClassifier,logistic-adam-constant (15-10-15),2.91
MLPClassifier,logistic-adam-constant (15-15-5),3.08
MLPClassifier,logistic-adam-constant (15-15-10),2.85
MLPClassifier,logistic-adam-constant (15-15-15),3.25
MLPClassifier,logistic-adam-invscaling (5-5-5),2.89
MLPClassifier,logistic-adam-invscaling (5-5-10),3.07
MLPClassifier,logistic-adam-invscaling (5-5-15),3.06
MLPClassifier,logistic-adam-invscaling (5-10-5),2.87
MLPClassifier,logistic-adam-invscaling (5-10-10),3.26
MLPClassifier,logistic-adam-invscaling (5-10-15),3.16
MLPClassifier,logistic-adam-invscaling (5-15-5),2.96
MLPClassifier,logistic-adam-invscaling (5-15-10),3.08
MLPClassifier,logistic-adam-invscaling (5-15-15),2.91
MLPClassifier,logistic-adam-invscaling (10-5-5),2.92
MLPClassifier,logistic-adam-invscaling (10-5-10),3.05
MLPClassifier,logistic-adam-invscaling (10-5-15),2.96
MLPClassifier,logistic-adam-invscaling (10-10-5),3.04
MLPClassifier,logistic-adam-invscaling (10-10-10),2.9
MLPClassifier,logistic-adam-invscaling (10-10-15),3.04
MLPClassifier,logistic-adam-invscaling (10-15-5),2.98
MLPClassifier,logistic-adam-invscaling (10-15-10),2.98
MLPClassifier,logistic-adam-invscaling (10-15-15),2.95
MLPClassifier,logistic-adam-invscaling (15-5-5),2.76
MLPClassifier,logistic-adam-invscaling (15-5-10),2.95
MLPClassifier,logistic-adam-invscaling (15-5-15),2.92
MLPClassifier,logistic-adam-invscaling (15-10-5),3.03
MLPClassifier,logistic-adam-invscaling (15-10-10),2.89
MLPClassifier,logistic-adam-invscaling (15-10-15),2.98
MLPClassifier,logistic-adam-invscaling (15-15-5),3.22
MLPClassifier,logistic-adam-invscaling (15-15-10),2.93
MLPClassifier,logistic-adam-invscaling (15-15-15),2.93
MLPClassifier,logistic-adam-adaptive (5-5-5),2.92
MLPClassifier,logistic-adam-adaptive (5-5-10),2.94
MLPClassifier,logistic-adam-adaptive (5-5-15),2.76
MLPClassifier,logistic-adam-adaptive (5-10-5),2.99
MLPClassifier,logistic-adam-adaptive (5-10-10),3.04
MLPClassifier,logistic-adam-adaptive (5-10-15),3.09
MLPClassifier,logistic-adam-adaptive (5-15-5),3.05
MLPClassifier,logistic-adam-adaptive (5-15-10),2.93
MLPClassifier,logistic-adam-adaptive (5-15-15),3.04
MLPClassifier,logistic-adam-adaptive (10-5-5),2.83
MLPClassifier,logistic-adam-adaptive (10-5-10),2.9
MLPClassifier,logistic-adam-adaptive (10-5-15),3.07
MLPClassifier,logistic-adam-adaptive (10-10-5),3.03
MLPClassifier,logistic-adam-adaptive (10-10-10),2.76
MLPClassifier,logistic-adam-adaptive (10-10-15),2.71
MLPClassifier,logistic-adam-adaptive (10-15-5),3.04
MLPClassifier,logistic-adam-adaptive (10-15-10),2.91
MLPClassifier,logistic-adam-adaptive (10-15-15),2.77
MLPClassifier,logistic-adam-adaptive (15-5-5),2.95
MLPClassifier,logistic-adam-adaptive (15-5-10),3.0
MLPClassifier,logistic-adam-adaptive (15-5-15),2.81
MLPClassifier,logistic-adam-adaptive (15-10-5),2.9
MLPClassifier,logistic-adam-adaptive (15-10-10),3.0
MLPClassifier,logistic-adam-adaptive (15-10-15),3.05
MLPClassifier,logistic-adam-adaptive (15-15-5),3.0
MLPClassifier,logistic-adam-adaptive (15-15-10),2.88
MLPClassifier,logistic-adam-adaptive (15-15-15),3.2
MLPClassifier,tanh-lbfgs-constant (5-5-5),3.69
MLPClassifier,tanh-lbfgs-constant (5-5-10),3.71
MLPClassifier,tanh-lbfgs-constant (5-5-15),3.69
MLPClassifier,tanh-lbfgs-constant (5-10-5),3.55
MLPClassifier,tanh-lbfgs-constant (5-10-10),3.52
MLPClassifier,tanh-lbfgs-constant (5-10-15),3.66
MLPClassifier,tanh-lbfgs-constant (5-15-5),3.62
MLPClassifier,tanh-lbfgs-constant (5-15-10),3.65
MLPClassifier,tanh-lbfgs-constant (5-15-15),3.61
MLPClassifier,tanh-lbfgs-constant (10-5-5),3.57
MLPClassifier,tanh-lbfgs-constant (10-5-10),3.58
MLPClassifier,tanh-lbfgs-constant (10-5-15),3.62
MLPClassifier,tanh-lbfgs-constant (10-10-5),3.53
MLPClassifier,tanh-lbfgs-constant (10-10-10),3.75
MLPClassifier,tanh-lbfgs-constant (10-10-15),3.62
MLPClassifier,tanh-lbfgs-constant (10-15-5),3.46
MLPClassifier,tanh-lbfgs-constant (10-15-10),3.76
MLPClassifier,tanh-lbfgs-constant (10-15-15),3.66
MLPClassifier,tanh-lbfgs-constant (15-5-5),3.48
MLPClassifier,tanh-lbfgs-constant (15-5-10),3.79
MLPClassifier,tanh-lbfgs-constant (15-5-15),3.82
MLPClassifier,tanh-lbfgs-constant (15-10-5),3.57
MLPClassifier,tanh-lbfgs-constant (15-10-10),3.55
MLPClassifier,tanh-lbfgs-constant (15-10-15),3.89
MLPClassifier,tanh-lbfgs-constant (15-15-5),3.8
MLPClassifier,tanh-lbfgs-constant (15-15-10),3.81
MLPClassifier,tanh-lbfgs-constant (15-15-15),3.7
MLPClassifier,tanh-lbfgs-invscaling (5-5-5),3.76
MLPClassifier,tanh-lbfgs-invscaling (5-5-10),3.78
MLPClassifier,tanh-lbfgs-invscaling (5-5-15),3.74
MLPClassifier,tanh-lbfgs-invscaling (5-10-5),3.68
MLPClassifier,tanh-lbfgs-invscaling (5-10-10),3.53
MLPClassifier,tanh-lbfgs-invscaling (5-10-15),3.76
MLPClassifier,tanh-lbfgs-invscaling (5-15-5),3.65
MLPClassifier,tanh-lbfgs-invscaling (5-15-10),3.47
MLPClassifier,tanh-lbfgs-invscaling (5-15-15),3.78
MLPClassifier,tanh-lbfgs-invscaling (10-5-5),3.67
MLPClassifier,tanh-lbfgs-invscaling (10-5-10),3.75
MLPClassifier,tanh-lbfgs-invscaling (10-5-15),3.62
MLPClassifier,tanh-lbfgs-invscaling (10-10-5),3.64
MLPClassifier,tanh-lbfgs-invscaling (10-10-10),3.76
MLPClassifier,tanh-lbfgs-invscaling (10-10-15),3.63
MLPClassifier,tanh-lbfgs-invscaling (10-15-5),3.32
MLPClassifier,tanh-lbfgs-invscaling (10-15-10),3.6
MLPClassifier,tanh-lbfgs-invscaling (10-15-15),3.82
MLPClassifier,tanh-lbfgs-invscaling (15-5-5),3.5
MLPClassifier,tanh-lbfgs-invscaling (15-5-10),3.74
MLPClassifier,tanh-lbfgs-invscaling (15-5-15),3.79
MLPClassifier,tanh-lbfgs-invscaling (15-10-5),3.54
MLPClassifier,tanh-lbfgs-invscaling (15-10-10),3.67
MLPClassifier,tanh-lbfgs-invscaling (15-10-15),3.61
MLPClassifier,tanh-lbfgs-invscaling (15-15-5),3.52
MLPClassifier,tanh-lbfgs-invscaling (15-15-10),3.68
MLPClassifier,tanh-lbfgs-invscaling (15-15-15),3.84
MLPClassifier,tanh-lbfgs-adaptive (5-5-5),3.59
MLPClassifier,tanh-lbfgs-adaptive (5-5-10),3.64
MLPClassifier,tanh-lbfgs-adaptive (5-5-15),3.74
MLPClassifier,tanh-lbfgs-adaptive (5-10-5),3.62
MLPClassifier,tanh-lbfgs-adaptive (5-10-10),3.72
MLPClassifier,tanh-lbfgs-adaptive (5-10-15),3.64
MLPClassifier,tanh-lbfgs-adaptive (5-15-5),3.48
MLPClassifier,tanh-lbfgs-adaptive (5-15-10),3.5
MLPClassifier,tanh-lbfgs-adaptive (5-15-15),3.64
MLPClassifier,tanh-lbfgs-adaptive (10-5-5),3.57
MLPClassifier,tanh-lbfgs-adaptive (10-5-10),3.8
MLPClassifier,tanh-lbfgs-adaptive (10-5-15),3.66
MLPClassifier,tanh-lbfgs-adaptive (10-10-5),3.75
MLPClassifier,tanh-lbfgs-adaptive (10-10-10),3.53
MLPClassifier,tanh-lbfgs-adaptive (10-10-15),3.83
MLPClassifier,tanh-lbfgs-adaptive (10-15-5),3.64
MLPClassifier,tanh-lbfgs-adaptive (10-15-10),3.54
MLPClassifier,tanh-lbfgs-adaptive (10-15-15),3.67
MLPClassifier,tanh-lbfgs-adaptive (15-5-5),3.37
MLPClassifier,tanh-lbfgs-adaptive (15-5-10),3.53
MLPClassifier,tanh-lbfgs-adaptive (15-5-15),3.69
MLPClassifier,tanh-lbfgs-adaptive (15-10-5),3.58
MLPClassifier,tanh-lbfgs-adaptive (15-10-10),3.66
MLPClassifier,tanh-lbfgs-adaptive (15-10-15),3.63
MLPClassifier,tanh-lbfgs-adaptive (15-15-5),3.62
MLPClassifier,tanh-lbfgs-adaptive (15-15-10),3.6
MLPClassifier,tanh-lbfgs-adaptive (15-15-15),3.75
MLPClassifier,tanh-sgd-constant (5-5-5),2.84
MLPClassifier,tanh-sgd-constant (5-5-10),3.06
MLPClassifier,tanh-sgd-constant (5-5-15),2.87
MLPClassifier,tanh-sgd-constant (5-10-5),2.88
MLPClassifier,tanh-sgd-constant (5-10-10),3.1
MLPClassifier,tanh-sgd-constant (5-10-15),3.32
MLPClassifier,tanh-sgd-constant (5-15-5),3.15
MLPClassifier,tanh-sgd-constant (5-15-10),3.28
MLPClassifier,tanh-sgd-constant (5-15-15),3.03
MLPClassifier,tanh-sgd-constant (10-5-5),2.97
MLPClassifier,tanh-sgd-constant (10-5-10),3.09
MLPClassifier,tanh-sgd-constant (10-5-15),2.99
MLPClassifier,tanh-sgd-constant (10-10-5),3.06
MLPClassifier,tanh-sgd-constant (10-10-10),3.13
MLPClassifier,tanh-sgd-constant (10-10-15),3.22
MLPClassifier,tanh-sgd-constant (10-15-5),3.06
MLPClassifier,tanh-sgd-constant (10-15-10),3.12
MLPClassifier,tanh-sgd-constant (10-15-15),2.89
MLPClassifier,tanh-sgd-constant (15-5-5),3.18
MLPClassifier,tanh-sgd-constant (15-5-10),3.02
MLPClassifier,tanh-sgd-constant (15-5-15),2.98
MLPClassifier,tanh-sgd-constant (15-10-5),2.97
MLPClassifier,tanh-sgd-constant (15-10-10),3.02
MLPClassifier,tanh-sgd-constant (15-10-15),3.17
MLPClassifier,tanh-sgd-constant (15-15-5),3.17
MLPClassifier,tanh-sgd-constant (15-15-10),3.1
MLPClassifier,tanh-sgd-constant (15-15-15),3.21
MLPClassifier,tanh-sgd-invscaling (5-5-5),3.05
MLPClassifier,tanh-sgd-invscaling (5-5-10),2.82
MLPClassifier,tanh-sgd-invscaling (5-5-15),2.89
MLPClassifier,tanh-sgd-invscaling (5-10-5),3.04
MLPClassifier,tanh-sgd-invscaling (5-10-10),3.05
MLPClassifier,tanh-sgd-invscaling (5-10-15),3.11
MLPClassifier,tanh-sgd-invscaling (5-15-5),3.06
MLPClassifier,tanh-sgd-invscaling (5-15-10),3.12
MLPClassifier,tanh-sgd-invscaling (5-15-15),2.99
MLPClassifier,tanh-sgd-invscaling (10-5-5),2.94
MLPClassifier,tanh-sgd-invscaling (10-5-10),2.89
MLPClassifier,tanh-sgd-invscaling (10-5-15),3.12
MLPClassifier,tanh-sgd-invscaling (10-10-5),3.18
MLPClassifier,tanh-sgd-invscaling (10-10-10),2.9
MLPClassifier,tanh-sgd-invscaling (10-10-15),3.05
MLPClassifier,tanh-sgd-invscaling (10-15-5),3.06
MLPClassifier,tanh-sgd-invscaling (10-15-10),2.77
MLPClassifier,tanh-sgd-invscaling (10-15-15),3.02
MLPClassifier,tanh-sgd-invscaling (15-5-5),2.9
MLPClassifier,tanh-sgd-invscaling (15-5-10),3.16
MLPClassifier,tanh-sgd-invscaling (15-5-15),2.96
MLPClassifier,tanh-sgd-invscaling (15-10-5),2.96
MLPClassifier,tanh-sgd-invscaling (15-10-10),3.08
MLPClassifier,tanh-sgd-invscaling (15-10-15),2.96
MLPClassifier,tanh-sgd-invscaling (15-15-5),2.93
MLPClassifier,tanh-sgd-invscaling (15-15-10),2.96
MLPClassifier,tanh-sgd-invscaling (15-15-15),3.0
MLPClassifier,tanh-sgd-adaptive (5-5-5),2.9
MLPClassifier,tanh-sgd-adaptive (5-5-10),3.18
MLPClassifier,tanh-sgd-adaptive (5-5-15),3.26
MLPClassifier,tanh-sgd-adaptive (5-10-5),3.15
MLPClassifier,tanh-sgd-adaptive (5-10-10),2.98
MLPClassifier,tanh-sgd-adaptive (5-10-15),3.22
MLPClassifier,tanh-sgd-adaptive (5-15-5),3.22
MLPClassifier,tanh-sgd-adaptive (5-15-10),3.27
MLPClassifier,tanh-sgd-adaptive (5-15-15),3.07
MLPClassifier,tanh-sgd-adaptive (10-5-5),3.11
MLPClassifier,tanh-sgd-adaptive (10-5-10),3.0
MLPClassifier,tanh-sgd-adaptive (10-5-15),3.04
MLPClassifier,tanh-sgd-adaptive (10-10-5),3.11
MLPClassifier,tanh-sgd-adaptive (10-10-10),3.05
MLPClassifier,tanh-sgd-adaptive (10-10-15),2.81
MLPClassifier,tanh-sgd-adaptive (10-15-5),3.1
MLPClassifier,tanh-sgd-adaptive (10-15-10),3.19
MLPClassifier,tanh-sgd-adaptive (10-15-15),2.96
MLPClassifier,tanh-sgd-adaptive (15-5-5),3.16
MLPClassifier,tanh-sgd-adaptive (15-5-10),3.11
MLPClassifier,tanh-sgd-adaptive (15-5-15),3.13
MLPClassifier,tanh-sgd-adaptive (15-10-5),3.21
MLPClassifier,tanh-sgd-adaptive (15-10-10),2.95
MLPClassifier,tanh-sgd-adaptive (15-10-15),3.26
MLPClassifier,tanh-sgd-adaptive (15-15-5),3.19
MLPClassifier,tanh-sgd-adaptive (15-15-10),3.14
MLPClassifier,tanh-sgd-adaptive (15-15-15),3.05
MLPClassifier,tanh-adam-constant (5-5-5),4.42
MLPClassifier,tanh-adam-constant (5-5-10),4.42
MLPClassifier,tanh-adam-constant (5-5-15),4.3
MLPClassifier,tanh-adam-constant (5-10-5),4.66
MLPClassifier,tanh-adam-constant (5-10-10),4.5
MLPClassifier,tanh-adam-constant (5-10-15),4.16
MLPClassifier,tanh-adam-constant (5-15-5),4.55
MLPClassifier,tanh-adam-constant (5-15-10),4.26
MLPClassifier,tanh-adam-constant (5-15-15),3.98
MLPClassifier,tanh-adam-constant (10-5-5),4.78
MLPClassifier,tanh-adam-constant (10-5-10),4.79
MLPClassifier,tanh-adam-constant (10-5-15),4.58
MLPClassifier,tanh-adam-constant (10-10-5),4.81
MLPClassifier,tanh-adam-constant (10-10-10),4.63
MLPClassifier,tanh-adam-constant (10-10-15),4.38
MLPClassifier,tanh-adam-constant (10-15-5),4.8
MLPClassifier,tanh-adam-constant (10-15-10),4.39
MLPClassifier,tanh-adam-constant (10-15-15),4.06
MLPClassifier,tanh-adam-constant (15-5-5),4.88
MLPClassifier,tanh-adam-constant (15-5-10),4.85
MLPClassifier,tanh-adam-constant (15-5-15),4.79
MLPClassifier,tanh-adam-constant (15-10-5),4.84
MLPClassifier,tanh-adam-constant (15-10-10),4.56
MLPClassifier,tanh-adam-constant (15-10-15),4.24
MLPClassifier,tanh-adam-constant (15-15-5),4.69
MLPClassifier,tanh-adam-constant (15-15-10),4.18
MLPClassifier,tanh-adam-constant (15-15-15),3.91
MLPClassifier,tanh-adam-invscaling (5-5-5),4.43
MLPClassifier,tanh-adam-invscaling (5-5-10),4.54
MLPClassifier,tanh-adam-invscaling (5-5-15),4.3
MLPClassifier,tanh-adam-invscaling (5-10-5),4.61
MLPClassifier,tanh-adam-invscaling (5-10-10),4.35
MLPClassifier,tanh-adam-invscaling (5-10-15),4.18
MLPClassifier,tanh-adam-invscaling (5-15-5),4.43
MLPClassifier,tanh-adam-invscaling (5-15-10),4.36
MLPClassifier,tanh-adam-invscaling (5-15-15),4.18
MLPClassifier,tanh-adam-invscaling (10-5-5),4.84
MLPClassifier,tanh-adam-invscaling (10-5-10),4.85
MLPClassifier,tanh-adam-invscaling (10-5-15),4.75
MLPClassifier,tanh-adam-invscaling (10-10-5),4.76
MLPClassifier,tanh-adam-invscaling (10-10-10),4.58
MLPClassifier,tanh-adam-invscaling (10-10-15),4.34
MLPClassifier,tanh-adam-invscaling (10-15-5),4.72
MLPClassifier,tanh-adam-invscaling (10-15-10),4.38
MLPClassifier,tanh-adam-invscaling (10-15-15),4.05
MLPClassifier,tanh-adam-invscaling (15-5-5),4.91
MLPClassifier,tanh-adam-invscaling (15-5-10),4.9
MLPClassifier,tanh-adam-invscaling (15-5-15),4.69
MLPClassifier,tanh-adam-invscaling (15-10-5),4.82
MLPClassifier,tanh-adam-invscaling (15-10-10),4.53
MLPClassifier,tanh-adam-invscaling (15-10-15),4.28
MLPClassifier,tanh-adam-invscaling (15-15-5),4.72
MLPClassifier,tanh-adam-invscaling (15-15-10),4.22
MLPClassifier,tanh-adam-invscaling (15-15-15),4.07
MLPClassifier,tanh-adam-adaptive (5-5-5),4.45
MLPClassifier,tanh-adam-adaptive (5-5-10),4.43
MLPClassifier,tanh-adam-adaptive (5-5-15),4.38
MLPClassifier,tanh-adam-adaptive (5-10-5),4.5
MLPClassifier,tanh-adam-adaptive (5-10-10),4.43
MLPClassifier,tanh-adam-adaptive (5-10-15),4.3
MLPClassifier,tanh-adam-adaptive (5-15-5),4.38
MLPClassifier,tanh-adam-adaptive (5-15-10),4.39
MLPClassifier,tanh-adam-adaptive (5-15-15),4.14
MLPClassifier,tanh-adam-adaptive (10-5-5),4.77
MLPClassifier,tanh-adam-adaptive (10-5-10),4.87
MLPClassifier,tanh-adam-adaptive (10-5-15),4.67
MLPClassifier,tanh-adam-adaptive (10-10-5),4.78
MLPClassifier,tanh-adam-adaptive (10-10-10),4.78
MLPClassifier,tanh-adam-adaptive (10-10-15),4.45
MLPClassifier,tanh-adam-adaptive (10-15-5),4.59
MLPClassifier,tanh-adam-adaptive (10-15-10),4.32
MLPClassifier,tanh-adam-adaptive (10-15-15),3.95
MLPClassifier,tanh-adam-adaptive (15-5-5),4.88
MLPClassifier,tanh-adam-adaptive (15-5-10),4.9
MLPClassifier,tanh-adam-adaptive (15-5-15),4.72
MLPClassifier,tanh-adam-adaptive (15-10-5),4.86
MLPClassifier,tanh-adam-adaptive (15-10-10),4.52
MLPClassifier,tanh-adam-adaptive (15-10-15),4.24
MLPClassifier,tanh-adam-adaptive (15-15-5),4.56
MLPClassifier,tanh-adam-adaptive (15-15-10),4.21
MLPClassifier,tanh-adam-adaptive (15-15-15),3.89
MLPClassifier,relu-lbfgs-constant (5-5-5),3.78
MLPClassifier,relu-lbfgs-constant (5-5-10),3.84
MLPClassifier,relu-lbfgs-constant (5-5-15),3.91
MLPClassifier,relu-lbfgs-constant (5-10-5),3.81
MLPClassifier,relu-lbfgs-constant (5-10-10),4.02
MLPClassifier,relu-lbfgs-constant (5-10-15),3.98
MLPClassifier,relu-lbfgs-constant (5-15-5),3.85
MLPClassifier,relu-lbfgs-constant (5-15-10),3.91
MLPClassifier,relu-lbfgs-constant (5-15-15),3.97
MLPClassifier,relu-lbfgs-constant (10-5-5),3.75
MLPClassifier,relu-lbfgs-constant (10-5-10),3.84
MLPClassifier,relu-lbfgs-constant (10-5-15),3.98
MLPClassifier,relu-lbfgs-constant (10-10-5),3.9
MLPClassifier,relu-lbfgs-constant (10-10-10),3.89
MLPClassifier,relu-lbfgs-constant (10-10-15),3.85
MLPClassifier,relu-lbfgs-constant (10-15-5),3.72
MLPClassifier,relu-lbfgs-constant (10-15-10),3.86
MLPClassifier,relu-lbfgs-constant (10-15-15),3.9
MLPClassifier,relu-lbfgs-constant (15-5-5),3.72
MLPClassifier,relu-lbfgs-constant (15-5-10),3.73
MLPClassifier,relu-lbfgs-constant (15-5-15),3.92
MLPClassifier,relu-lbfgs-constant (15-10-5),3.79
MLPClassifier,relu-lbfgs-constant (15-10-10),4.0
MLPClassifier,relu-lbfgs-constant (15-10-15),4.0
MLPClassifier,relu-lbfgs-constant (15-15-5),3.95
MLPClassifier,relu-lbfgs-constant (15-15-10),3.92
MLPClassifier,relu-lbfgs-constant (15-15-15),3.85
MLPClassifier,relu-lbfgs-invscaling (5-5-5),3.68
MLPClassifier,relu-lbfgs-invscaling (5-5-10),3.78
MLPClassifier,relu-lbfgs-invscaling (5-5-15),3.89
MLPClassifier,relu-lbfgs-invscaling (5-10-5),3.75
MLPClassifier,relu-lbfgs-invscaling (5-10-10),3.91
MLPClassifier,relu-lbfgs-invscaling (5-10-15),3.85
MLPClassifier,relu-lbfgs-invscaling (5-15-5),3.69
MLPClassifier,relu-lbfgs-invscaling (5-15-10),3.83
MLPClassifier,relu-lbfgs-invscaling (5-15-15),3.78
MLPClassifier,relu-lbfgs-invscaling (10-5-5),3.79
MLPClassifier,relu-lbfgs-invscaling (10-5-10),3.97
MLPClassifier,relu-lbfgs-invscaling (10-5-15),3.88
MLPClassifier,relu-lbfgs-invscaling (10-10-5),3.69
MLPClassifier,relu-lbfgs-invscaling (10-10-10),3.87
MLPClassifier,relu-lbfgs-invscaling (10-10-15),3.92
MLPClassifier,relu-lbfgs-invscaling (10-15-5),3.87
MLPClassifier,relu-lbfgs-invscaling (10-15-10),3.84
MLPClassifier,relu-lbfgs-invscaling (10-15-15),3.85
MLPClassifier,relu-lbfgs-invscaling (15-5-5),3.82
MLPClassifier,relu-lbfgs-invscaling (15-5-10),3.87
MLPClassifier,relu-lbfgs-invscaling (15-5-15),3.81
MLPClassifier,relu-lbfgs-invscaling (15-10-5),3.9
MLPClassifier,relu-lbfgs-invscaling (15-10-10),3.83
MLPClassifier,relu-lbfgs-invscaling (15-10-15),3.94
MLPClassifier,relu-lbfgs-invscaling (15-15-5),3.77
MLPClassifier,relu-lbfgs-invscaling (15-15-10),3.84
MLPClassifier,relu-lbfgs-invscaling (15-15-15),3.9
MLPClassifier,relu-lbfgs-adaptive (5-5-5),3.9
MLPClassifier,relu-lbfgs-adaptive (5-5-10),3.78
MLPClassifier,relu-lbfgs-adaptive (5-5-15),3.8
MLPClassifier,relu-lbfgs-adaptive (5-10-5),3.69
MLPClassifier,relu-lbfgs-adaptive (5-10-10),3.93
MLPClassifier,relu-lbfgs-adaptive (5-10-15),3.82
MLPClassifier,relu-lbfgs-adaptive (5-15-5),3.78
MLPClassifier,relu-lbfgs-adaptive (5-15-10),3.73
MLPClassifier,relu-lbfgs-adaptive (5-15-15),3.89
MLPClassifier,relu-lbfgs-adaptive (10-5-5),3.72
MLPClassifier,relu-lbfgs-adaptive (10-5-10),3.86
MLPClassifier,relu-lbfgs-adaptive (10-5-15),3.82
MLPClassifier,relu-lbfgs-adaptive (10-10-5),3.58
MLPClassifier,relu-lbfgs-adaptive (10-10-10),3.81
MLPClassifier,relu-lbfgs-adaptive (10-10-15),3.87
MLPClassifier,relu-lbfgs-adaptive (10-15-5),3.71
MLPClassifier,relu-lbfgs-adaptive (10-15-10),3.94
MLPClassifier,relu-lbfgs-adaptive (10-15-15),3.87
MLPClassifier,relu-lbfgs-adaptive (15-5-5),3.65
MLPClassifier,relu-lbfgs-adaptive (15-5-10),3.85
MLPClassifier,relu-lbfgs-adaptive (15-5-15),3.83
MLPClassifier,relu-lbfgs-adaptive (15-10-5),3.74
MLPClassifier,relu-lbfgs-adaptive (15-10-10),3.94
MLPClassifier,relu-lbfgs-adaptive (15-10-15),3.99
MLPClassifier,relu-lbfgs-adaptive (15-15-5),3.84
MLPClassifier,relu-lbfgs-adaptive (15-15-10),3.86
MLPClassifier,relu-lbfgs-adaptive (15-15-15),3.88
MLPClassifier,relu-sgd-constant (5-5-5),3.1
MLPClassifier,relu-sgd-constant (5-5-10),3.18
MLPClassifier,relu-sgd-constant (5-5-15),3.02
MLPClassifier,relu-sgd-constant (5-10-5),3.11
MLPClassifier,relu-sgd-constant (5-10-10),2.97
MLPClassifier,relu-sgd-constant (5-10-15),2.83
MLPClassifier,relu-sgd-constant (5-15-5),2.72
MLPClassifier,relu-sgd-constant (5-15-10),3.24
MLPClassifier,relu-sgd-constant (5-15-15),3.02
MLPClassifier,relu-sgd-constant (10-5-5),3.1
MLPClassifier,relu-sgd-constant (10-5-10),3.23
MLPClassifier,relu-sgd-constant (10-5-15),3.0
MLPClassifier,relu-sgd-constant (10-10-5),3.29
MLPClassifier,relu-sgd-constant (10-10-10),3.03
MLPClassifier,relu-sgd-constant (10-10-15),2.93
MLPClassifier,relu-sgd-constant (10-15-5),3.14
MLPClassifier,relu-sgd-constant (10-15-10),3.14
MLPClassifier,relu-sgd-constant (10-15-15),3.02
MLPClassifier,relu-sgd-constant (15-5-5),3.28
MLPClassifier,relu-sgd-constant (15-5-10),2.83
MLPClassifier,relu-sgd-constant (15-5-15),2.91
MLPClassifier,relu-sgd-constant (15-10-5),3.17
MLPClassifier,relu-sgd-constant (15-10-10),3.02
MLPClassifier,relu-sgd-constant (15-10-15),3.14
MLPClassifier,relu-sgd-constant (15-15-5),3.26
MLPClassifier,relu-sgd-constant (15-15-10),3.12
MLPClassifier,relu-sgd-constant (15-15-15),3.05
MLPClassifier,relu-sgd-invscaling (5-5-5),3.12
MLPClassifier,relu-sgd-invscaling (5-5-10),3.1
MLPClassifier,relu-sgd-invscaling (5-5-15),2.88
MLPClassifier,relu-sgd-invscaling (5-10-5),2.94
MLPClassifier,relu-sgd-invscaling (5-10-10),3.26
MLPClassifier,relu-sgd-invscaling (5-10-15),3.01
MLPClassifier,relu-sgd-invscaling (5-15-5),2.92
MLPClassifier,relu-sgd-invscaling (5-15-10),2.78
MLPClassifier,relu-sgd-invscaling (5-15-15),2.93
MLPClassifier,relu-sgd-invscaling (10-5-5),2.94
MLPClassifier,relu-sgd-invscaling (10-5-10),3.18
MLPClassifier,relu-sgd-invscaling (10-5-15),2.99
MLPClassifier,relu-sgd-invscaling (10-10-5),2.92
MLPClassifier,relu-sgd-invscaling (10-10-10),3.16
MLPClassifier,relu-sgd-invscaling (10-10-15),3.02
MLPClassifier,relu-sgd-invscaling (10-15-5),2.91
MLPClassifier,relu-sgd-invscaling (10-15-10),3.08
MLPClassifier,relu-sgd-invscaling (10-15-15),3.02
MLPClassifier,relu-sgd-invscaling (15-5-5),3.11
MLPClassifier,relu-sgd-invscaling (15-5-10),3.08
MLPClassifier,relu-sgd-invscaling (15-5-15),2.96
MLPClassifier,relu-sgd-invscaling (15-10-5),3.07
MLPClassifier,relu-sgd-invscaling (15-10-10),3.13
MLPClassifier,relu-sgd-invscaling (15-10-15),3.2
MLPClassifier,relu-sgd-invscaling (15-15-5),2.83
MLPClassifier,relu-sgd-invscaling (15-15-10),2.93
MLPClassifier,relu-sgd-invscaling (15-15-15),2.94
MLPClassifier,relu-sgd-adaptive (5-5-5),2.79
MLPClassifier,relu-sgd-adaptive (5-5-10),3.02
MLPClassifier,relu-sgd-adaptive (5-5-15),2.98
MLPClassifier,relu-sgd-adaptive (5-10-5),2.88
MLPClassifier,relu-sgd-adaptive (5-10-10),2.79
MLPClassifier,relu-sgd-adaptive (5-10-15),2.89
MLPClassifier,relu-sgd-adaptive (5-15-5),2.9
MLPClassifier,relu-sgd-adaptive (5-15-10),3.12
MLPClassifier,relu-sgd-adaptive (5-15-15),3.03
MLPClassifier,relu-sgd-adaptive (10-5-5),3.0
MLPClassifier,relu-sgd-adaptive (10-5-10),3.18
MLPClassifier,relu-sgd-adaptive (10-5-15),3.1
MLPClassifier,relu-sgd-adaptive (10-10-5),3.26
MLPClassifier,relu-sgd-adaptive (10-10-10),3.07
MLPClassifier,relu-sgd-adaptive (10-10-15),3.12
MLPClassifier,relu-sgd-adaptive (10-15-5),3.01
MLPClassifier,relu-sgd-adaptive (10-15-10),3.02
MLPClassifier,relu-sgd-adaptive (10-15-15),3.06
MLPClassifier,relu-sgd-adaptive (15-5-5),2.94
MLPClassifier,relu-sgd-adaptive (15-5-10),2.96
MLPClassifier,relu-sgd-adaptive (15-5-15),2.85
MLPClassifier,relu-sgd-adaptive (15-10-5),3.13
MLPClassifier,relu-sgd-adaptive (15-10-10),3.04
MLPClassifier,relu-sgd-adaptive (15-10-15),3.11
MLPClassifier,relu-sgd-adaptive (15-15-5),3.17
MLPClassifier,relu-sgd-adaptive (15-15-10),2.95
MLPClassifier,relu-sgd-adaptive (15-15-15),3.05
MLPClassifier,relu-adam-constant (5-5-5),3.15
MLPClassifier,relu-adam-constant (5-5-10),3.28
MLPClassifier,relu-adam-constant (5-5-15),3.61
MLPClassifier,relu-adam-constant (5-10-5),3.35
MLPClassifier,relu-adam-constant (5-10-10),3.64
MLPClassifier,relu-adam-constant (5-10-15),3.95
MLPClassifier,relu-adam-constant (5-15-5),3.6
MLPClassifier,relu-adam-constant (5-15-10),3.82
MLPClassifier,relu-adam-constant (5-15-15),4.15
MLPClassifier,relu-adam-constant (10-5-5),3.42
MLPClassifier,relu-adam-constant (10-5-10),3.78
MLPClassifier,relu-adam-constant (10-5-15),4.04
MLPClassifier,relu-adam-constant (10-10-5),3.87
MLPClassifier,relu-adam-constant (10-10-10),4.19
MLPClassifier,relu-adam-constant (10-10-15),4.34
MLPClassifier,relu-adam-constant (10-15-5),4.0
MLPClassifier,relu-adam-constant (10-15-10),4.42
MLPClassifier,relu-adam-constant (10-15-15),4.54
MLPClassifier,relu-adam-constant (15-5-5),3.75
MLPClassifier,relu-adam-constant (15-5-10),4.2
MLPClassifier,relu-adam-constant (15-5-15),4.27
MLPClassifier,relu-adam-constant (15-10-5),4.06
MLPClassifier,relu-adam-constant (15-10-10),4.46
MLPClassifier,relu-adam-constant (15-10-15),4.55
MLPClassifier,relu-adam-constant (15-15-5),4.07
MLPClassifier,relu-adam-constant (15-15-10),4.47
MLPClassifier,relu-adam-constant (15-15-15),4.76
MLPClassifier,relu-adam-invscaling (5-5-5),3.3
MLPClassifier,relu-adam-invscaling (5-5-10),3.67
MLPClassifier,relu-adam-invscaling (5-5-15),3.51
MLPClassifier,relu-adam-invscaling (5-10-5),3.41
MLPClassifier,relu-adam-invscaling (5-10-10),3.88
MLPClassifier,relu-adam-invscaling (5-10-15),3.94
MLPClassifier,relu-adam-invscaling (5-15-5),3.38
MLPClassifier,relu-adam-invscaling (5-15-10),3.82
MLPClassifier,relu-adam-invscaling (5-15-15),4.01
MLPClassifier,relu-adam-invscaling (10-5-5),3.65
MLPClassifier,relu-adam-invscaling (10-5-10),3.77
MLPClassifier,relu-adam-invscaling (10-5-15),3.9
MLPClassifier,relu-adam-invscaling (10-10-5),3.83
MLPClassifier,relu-adam-invscaling (10-10-10),4.11
MLPClassifier,relu-adam-invscaling (10-10-15),4.28
MLPClassifier,relu-adam-invscaling (10-15-5),3.92
MLPClassifier,relu-adam-invscaling (10-15-10),4.22
MLPClassifier,relu-adam-invscaling (10-15-15),4.43
MLPClassifier,relu-adam-invscaling (15-5-5),3.78
MLPClassifier,relu-adam-invscaling (15-5-10),4.08
MLPClassifier,relu-adam-invscaling (15-5-15),4.3
MLPClassifier,relu-adam-invscaling (15-10-5),4.06
MLPClassifier,relu-adam-invscaling (15-10-10),4.4
MLPClassifier,relu-adam-invscaling (15-10-15),4.57
MLPClassifier,relu-adam-invscaling (15-15-5),4.22
MLPClassifier,relu-adam-invscaling (15-15-10),4.45
MLPClassifier,relu-adam-invscaling (15-15-15),4.68
MLPClassifier,relu-adam-adaptive (5-5-5),3.22
MLPClassifier,relu-adam-adaptive (5-5-10),3.38
MLPClassifier,relu-adam-adaptive (5-5-15),3.28
MLPClassifier,relu-adam-adaptive (5-10-5),3.43
MLPClassifier,relu-adam-adaptive (5-10-10),3.81
MLPClassifier,relu-adam-adaptive (5-10-15),3.89
MLPClassifier,relu-adam-adaptive (5-15-5),3.46
MLPClassifier,relu-adam-adaptive (5-15-10),3.9
MLPClassifier,relu-adam-adaptive (5-15-15),4.03
MLPClassifier,relu-adam-adaptive (10-5-5),3.69
MLPClassifier,relu-adam-adaptive (10-5-10),4.05
MLPClassifier,relu-adam-adaptive (10-5-15),3.92
MLPClassifier,relu-adam-adaptive (10-10-5),3.75
MLPClassifier,relu-adam-adaptive (10-10-10),4.26
MLPClassifier,relu-adam-adaptive (10-10-15),4.29
MLPClassifier,relu-adam-adaptive (10-15-5),4.07
MLPClassifier,relu-adam-adaptive (10-15-10),4.42
MLPClassifier,relu-adam-adaptive (10-15-15),4.47
MLPClassifier,relu-adam-adaptive (15-5-5),3.76
MLPClassifier,relu-adam-adaptive (15-5-10),4.03
MLPClassifier,relu-adam-adaptive (15-5-15),4.04
MLPClassifier,relu-adam-adaptive (15-10-5),4.18
MLPClassifier,relu-adam-adaptive (15-10-10),4.31
MLPClassifier,relu-adam-adaptive (15-10-15),4.47
MLPClassifier,relu-adam-adaptive (15-15-5),4.04
MLPClassifier,relu-adam-adaptive (15-15-10),4.54
MLPClassifier,relu-adam-adaptive (15-15-15),4.79
