Algorithm,Description,Accuracy_Mean
SAMME,10- AdaBoostClassifier,0.60358974359
SAMME,20- AdaBoostClassifier,0.431025641026
SAMME,50- AdaBoostClassifier,0.417179487179
SAMME,100- AdaBoostClassifier,0.405128205128
SAMME,150- AdaBoostClassifier,0.401794871795
SAMME,200- AdaBoostClassifier,0.387435897436
SAMME.R,50- AdaBoostClassifier,0.434871794872
Naive Bayes,GaussianNB,0.538461538462
Naive Bayes,BernoulliNB,0.435897435897
SVC,poly,0.487179487179
SVC,rbf,0.615384615385
SVC,sigmoid,0.461538461538
RandomForestClassifier,gini - 10,0.461538461538
RandomForestClassifier,gini - 20,0.538461538462
RandomForestClassifier,gini - 50,0.512820512821
RandomForestClassifier,gini - 100,0.615384615385
RandomForestClassifier,gini - 150,0.615384615385
RandomForestClassifier,gini - 200,0.589743589744
RandomForestClassifier,gini - 250,0.589743589744
RandomForestClassifier,gini - 500,0.615384615385
RandomForestClassifier,gini - 750,0.615384615385
RandomForestClassifier,gini - 1000,0.615384615385
RandomForestClassifier,gini - 1500,0.615384615385
RandomForestClassifier,entropy - 10,0.487179487179
RandomForestClassifier,entropy - 20,0.589743589744
RandomForestClassifier,entropy - 50,0.564102564103
RandomForestClassifier,entropy - 100,0.615384615385
RandomForestClassifier,entropy - 150,0.615384615385
RandomForestClassifier,entropy - 200,0.615384615385
RandomForestClassifier,entropy - 250,0.615384615385
RandomForestClassifier,entropy - 500,0.615384615385
RandomForestClassifier,entropy - 750,0.615384615385
RandomForestClassifier,entropy - 1000,0.615384615385
RandomForestClassifier,entropy - 1500,0.615384615385
NuSVC,kernel: linear,0.461538461538
NuSVC,kernel: poly,0.512820512821
NuSVC,kernel: rbf,0.666666666667
NuSVC,kernel: sigmoid,0.589743589744
GradientBoostingClassifier,GradientBoostingClassifier 10,0.412564102564
GradientBoostingClassifier,GradientBoostingClassifier 20,0.445128205128
GradientBoostingClassifier,GradientBoostingClassifier 50,0.391025641026
GradientBoostingClassifier,GradientBoostingClassifier 100,0.393846153846
GradientBoostingClassifier,GradientBoostingClassifier 150,0.399487179487
GradientBoostingClassifier,GradientBoostingClassifier 200,0.401794871795
GradientBoostingClassifier,GradientBoostingClassifier 250,0.395897435897
GradientBoostingClassifier,GradientBoostingClassifier 500,0.398717948718
GradientBoostingClassifier,GradientBoostingClassifier 750,0.395897435897
GradientBoostingClassifier,GradientBoostingClassifier 1000,0.394871794872
GradientBoostingClassifier,GradientBoostingClassifier 1500,0.395897435897
gini,DecisionTreeClassifier gini random,0.538461538462
entropy,DecisionTreeClassifier entropy best,0.564102564103
entropy,DecisionTreeClassifier entropy random,0.512820512821
auto,minkowski-uniform KNN: 2,0.717948717949
auto,minkowski-uniform KNN: 3,0.589743589744
auto,minkowski-uniform KNN: 4,0.538461538462
auto,euclidean-uniform KNN: 2,0.717948717949
auto,euclidean-uniform KNN: 3,0.589743589744
auto,euclidean-uniform KNN: 4,0.538461538462
auto,minkowski-distance KNN: 2,0.641025641026
auto,minkowski-distance KNN: 3,0.589743589744
auto,minkowski-distance KNN: 4,0.564102564103
auto,euclidean-distance KNN: 2,0.641025641026
auto,euclidean-distance KNN: 3,0.589743589744
auto,euclidean-distance KNN: 4,0.564102564103
ball_tree,minkowski-uniform KNN: 2,0.717948717949
ball_tree,minkowski-uniform KNN: 3,0.589743589744
ball_tree,minkowski-uniform KNN: 4,0.538461538462
ball_tree,euclidean-uniform KNN: 2,0.717948717949
ball_tree,euclidean-uniform KNN: 3,0.589743589744
ball_tree,euclidean-uniform KNN: 4,0.538461538462
ball_tree,minkowski-distance KNN: 2,0.641025641026
ball_tree,minkowski-distance KNN: 3,0.589743589744
ball_tree,minkowski-distance KNN: 4,0.564102564103
ball_tree,euclidean-distance KNN: 2,0.641025641026
ball_tree,euclidean-distance KNN: 3,0.589743589744
ball_tree,euclidean-distance KNN: 4,0.564102564103
kd_tree,minkowski-uniform KNN: 2,0.717948717949
kd_tree,minkowski-uniform KNN: 3,0.589743589744
kd_tree,minkowski-uniform KNN: 4,0.538461538462
kd_tree,euclidean-uniform KNN: 2,0.717948717949
kd_tree,euclidean-uniform KNN: 3,0.589743589744
kd_tree,euclidean-uniform KNN: 4,0.538461538462
kd_tree,minkowski-distance KNN: 2,0.641025641026
kd_tree,minkowski-distance KNN: 3,0.589743589744
kd_tree,minkowski-distance KNN: 4,0.564102564103
kd_tree,euclidean-distance KNN: 2,0.641025641026
kd_tree,euclidean-distance KNN: 3,0.589743589744
kd_tree,euclidean-distance KNN: 4,0.564102564103
brute,minkowski-uniform KNN: 2,0.717948717949
brute,minkowski-uniform KNN: 3,0.589743589744
brute,minkowski-uniform KNN: 4,0.538461538462
brute,euclidean-uniform KNN: 2,0.717948717949
brute,euclidean-uniform KNN: 3,0.589743589744
brute,euclidean-uniform KNN: 4,0.538461538462
brute,minkowski-distance KNN: 2,0.641025641026
brute,minkowski-distance KNN: 3,0.589743589744
brute,minkowski-distance KNN: 4,0.564102564103
brute,euclidean-distance KNN: 2,0.641025641026
brute,euclidean-distance KNN: 3,0.589743589744
brute,euclidean-distance KNN: 4,0.564102564103
MLPClassifier,identity-lbfgs-constant (5-5-5),0.463333333333
MLPClassifier,identity-lbfgs-constant (5-5-10),0.458461538462
MLPClassifier,identity-lbfgs-constant (5-5-15),0.459743589744
MLPClassifier,identity-lbfgs-constant (5-10-5),0.459743589744
MLPClassifier,identity-lbfgs-constant (5-10-10),0.461282051282
MLPClassifier,identity-lbfgs-constant (5-10-15),0.463333333333
MLPClassifier,identity-lbfgs-constant (5-15-5),0.461538461538
MLPClassifier,identity-lbfgs-constant (5-15-10),0.462564102564
MLPClassifier,identity-lbfgs-constant (5-15-15),0.463076923077
MLPClassifier,identity-lbfgs-constant (10-5-5),0.459743589744
MLPClassifier,identity-lbfgs-constant (10-5-10),0.459743589744
MLPClassifier,identity-lbfgs-constant (10-5-15),0.461794871795
MLPClassifier,identity-lbfgs-constant (10-10-5),0.462051282051
MLPClassifier,identity-lbfgs-constant (10-10-10),0.462820512821
MLPClassifier,identity-lbfgs-constant (10-10-15),0.461282051282
MLPClassifier,identity-lbfgs-constant (10-15-5),0.464615384615
MLPClassifier,identity-lbfgs-constant (10-15-10),0.461794871795
MLPClassifier,identity-lbfgs-constant (10-15-15),0.466153846154
MLPClassifier,identity-lbfgs-constant (15-5-5),0.464871794872
MLPClassifier,identity-lbfgs-constant (15-5-10),0.464102564103
MLPClassifier,identity-lbfgs-constant (15-5-15),0.46358974359
MLPClassifier,identity-lbfgs-constant (15-10-5),0.462820512821
MLPClassifier,identity-lbfgs-constant (15-10-10),0.463076923077
MLPClassifier,identity-lbfgs-constant (15-10-15),0.464358974359
MLPClassifier,identity-lbfgs-constant (15-15-5),0.466153846154
MLPClassifier,identity-lbfgs-constant (15-15-10),0.463333333333
MLPClassifier,identity-lbfgs-constant (15-15-15),0.462307692308
MLPClassifier,identity-lbfgs-invscaling (5-5-5),0.46358974359
MLPClassifier,identity-lbfgs-invscaling (5-5-10),0.460512820513
MLPClassifier,identity-lbfgs-invscaling (5-5-15),0.460256410256
MLPClassifier,identity-lbfgs-invscaling (5-10-5),0.461538461538
MLPClassifier,identity-lbfgs-invscaling (5-10-10),0.461794871795
MLPClassifier,identity-lbfgs-invscaling (5-10-15),0.460256410256
MLPClassifier,identity-lbfgs-invscaling (5-15-5),0.463076923077
MLPClassifier,identity-lbfgs-invscaling (5-15-10),0.463076923077
MLPClassifier,identity-lbfgs-invscaling (5-15-15),0.462307692308
MLPClassifier,identity-lbfgs-invscaling (10-5-5),0.464102564103
MLPClassifier,identity-lbfgs-invscaling (10-5-10),0.461794871795
MLPClassifier,identity-lbfgs-invscaling (10-5-15),0.462307692308
MLPClassifier,identity-lbfgs-invscaling (10-10-5),0.463076923077
MLPClassifier,identity-lbfgs-invscaling (10-10-10),0.465128205128
MLPClassifier,identity-lbfgs-invscaling (10-10-15),0.464615384615
MLPClassifier,identity-lbfgs-invscaling (10-15-5),0.462820512821
MLPClassifier,identity-lbfgs-invscaling (10-15-10),0.464102564103
MLPClassifier,identity-lbfgs-invscaling (10-15-15),0.462820512821
MLPClassifier,identity-lbfgs-invscaling (15-5-5),0.462307692308
MLPClassifier,identity-lbfgs-invscaling (15-5-10),0.464102564103
MLPClassifier,identity-lbfgs-invscaling (15-5-15),0.464871794872
MLPClassifier,identity-lbfgs-invscaling (15-10-5),0.462820512821
MLPClassifier,identity-lbfgs-invscaling (15-10-10),0.464615384615
MLPClassifier,identity-lbfgs-invscaling (15-10-15),0.464615384615
MLPClassifier,identity-lbfgs-invscaling (15-15-5),0.463333333333
MLPClassifier,identity-lbfgs-invscaling (15-15-10),0.464102564103
MLPClassifier,identity-lbfgs-invscaling (15-15-15),0.464358974359
MLPClassifier,identity-lbfgs-adaptive (5-5-5),0.46
MLPClassifier,identity-lbfgs-adaptive (5-5-10),0.462820512821
MLPClassifier,identity-lbfgs-adaptive (5-5-15),0.464102564103
MLPClassifier,identity-lbfgs-adaptive (5-10-5),0.462051282051
MLPClassifier,identity-lbfgs-adaptive (5-10-10),0.459487179487
MLPClassifier,identity-lbfgs-adaptive (5-10-15),0.46
MLPClassifier,identity-lbfgs-adaptive (5-15-5),0.460769230769
MLPClassifier,identity-lbfgs-adaptive (5-15-10),0.461025641026
MLPClassifier,identity-lbfgs-adaptive (5-15-15),0.460256410256
MLPClassifier,identity-lbfgs-adaptive (10-5-5),0.462307692308
MLPClassifier,identity-lbfgs-adaptive (10-5-10),0.461794871795
MLPClassifier,identity-lbfgs-adaptive (10-5-15),0.463333333333
MLPClassifier,identity-lbfgs-adaptive (10-10-5),0.464615384615
MLPClassifier,identity-lbfgs-adaptive (10-10-10),0.464358974359
MLPClassifier,identity-lbfgs-adaptive (10-10-15),0.46358974359
MLPClassifier,identity-lbfgs-adaptive (10-15-5),0.464871794872
MLPClassifier,identity-lbfgs-adaptive (10-15-10),0.464102564103
MLPClassifier,identity-lbfgs-adaptive (10-15-15),0.463846153846
MLPClassifier,identity-lbfgs-adaptive (15-5-5),0.464358974359
MLPClassifier,identity-lbfgs-adaptive (15-5-10),0.464358974359
MLPClassifier,identity-lbfgs-adaptive (15-5-15),0.463846153846
MLPClassifier,identity-lbfgs-adaptive (15-10-5),0.46358974359
MLPClassifier,identity-lbfgs-adaptive (15-10-10),0.464358974359
MLPClassifier,identity-lbfgs-adaptive (15-10-15),0.463333333333
MLPClassifier,identity-lbfgs-adaptive (15-15-5),0.467692307692
MLPClassifier,identity-lbfgs-adaptive (15-15-10),0.462051282051
MLPClassifier,identity-lbfgs-adaptive (15-15-15),0.465128205128
MLPClassifier,identity-sgd-constant (5-5-5),0.547692307692
MLPClassifier,identity-sgd-constant (5-5-10),0.55641025641
MLPClassifier,identity-sgd-constant (5-5-15),0.558717948718
MLPClassifier,identity-sgd-constant (5-10-5),0.54358974359
MLPClassifier,identity-sgd-constant (5-10-10),0.552564102564
MLPClassifier,identity-sgd-constant (5-10-15),0.545897435897
MLPClassifier,identity-sgd-constant (5-15-5),0.546666666667
MLPClassifier,identity-sgd-constant (5-15-10),0.556666666667
MLPClassifier,identity-sgd-constant (5-15-15),0.549487179487
MLPClassifier,identity-sgd-constant (10-5-5),0.540769230769
MLPClassifier,identity-sgd-constant (10-5-10),0.548717948718
MLPClassifier,identity-sgd-constant (10-5-15),0.553076923077
MLPClassifier,identity-sgd-constant (10-10-5),0.537948717949
MLPClassifier,identity-sgd-constant (10-10-10),0.533076923077
MLPClassifier,identity-sgd-constant (10-10-15),0.539230769231
MLPClassifier,identity-sgd-constant (10-15-5),0.54
MLPClassifier,identity-sgd-constant (10-15-10),0.534102564103
MLPClassifier,identity-sgd-constant (10-15-15),0.538205128205
MLPClassifier,identity-sgd-constant (15-5-5),0.540769230769
MLPClassifier,identity-sgd-constant (15-5-10),0.542051282051
MLPClassifier,identity-sgd-constant (15-5-15),0.550256410256
MLPClassifier,identity-sgd-constant (15-10-5),0.528205128205
MLPClassifier,identity-sgd-constant (15-10-10),0.532820512821
MLPClassifier,identity-sgd-constant (15-10-15),0.538717948718
MLPClassifier,identity-sgd-constant (15-15-5),0.536923076923
MLPClassifier,identity-sgd-constant (15-15-10),0.533333333333
MLPClassifier,identity-sgd-constant (15-15-15),0.53358974359
MLPClassifier,identity-sgd-invscaling (5-5-5),0.503076923077
MLPClassifier,identity-sgd-invscaling (5-5-10),0.504871794872
MLPClassifier,identity-sgd-invscaling (5-5-15),0.509487179487
MLPClassifier,identity-sgd-invscaling (5-10-5),0.511282051282
MLPClassifier,identity-sgd-invscaling (5-10-10),0.496153846154
MLPClassifier,identity-sgd-invscaling (5-10-15),0.501538461538
MLPClassifier,identity-sgd-invscaling (5-15-5),0.513076923077
MLPClassifier,identity-sgd-invscaling (5-15-10),0.504615384615
MLPClassifier,identity-sgd-invscaling (5-15-15),0.489230769231
MLPClassifier,identity-sgd-invscaling (10-5-5),0.492307692308
MLPClassifier,identity-sgd-invscaling (10-5-10),0.487948717949
MLPClassifier,identity-sgd-invscaling (10-5-15),0.494358974359
MLPClassifier,identity-sgd-invscaling (10-10-5),0.515384615385
MLPClassifier,identity-sgd-invscaling (10-10-10),0.505384615385
MLPClassifier,identity-sgd-invscaling (10-10-15),0.50641025641
MLPClassifier,identity-sgd-invscaling (10-15-5),0.503333333333
MLPClassifier,identity-sgd-invscaling (10-15-10),0.506666666667
MLPClassifier,identity-sgd-invscaling (10-15-15),0.509230769231
MLPClassifier,identity-sgd-invscaling (15-5-5),0.503076923077
MLPClassifier,identity-sgd-invscaling (15-5-10),0.501025641026
MLPClassifier,identity-sgd-invscaling (15-5-15),0.507435897436
MLPClassifier,identity-sgd-invscaling (15-10-5),0.501538461538
MLPClassifier,identity-sgd-invscaling (15-10-10),0.499743589744
MLPClassifier,identity-sgd-invscaling (15-10-15),0.502051282051
MLPClassifier,identity-sgd-invscaling (15-15-5),0.497948717949
MLPClassifier,identity-sgd-invscaling (15-15-10),0.512820512821
MLPClassifier,identity-sgd-invscaling (15-15-15),0.499230769231
MLPClassifier,identity-sgd-adaptive (5-5-5),0.545384615385
MLPClassifier,identity-sgd-adaptive (5-5-10),0.558717948718
MLPClassifier,identity-sgd-adaptive (5-5-15),0.555384615385
MLPClassifier,identity-sgd-adaptive (5-10-5),0.55
MLPClassifier,identity-sgd-adaptive (5-10-10),0.554871794872
MLPClassifier,identity-sgd-adaptive (5-10-15),0.552820512821
MLPClassifier,identity-sgd-adaptive (5-15-5),0.548205128205
MLPClassifier,identity-sgd-adaptive (5-15-10),0.552051282051
MLPClassifier,identity-sgd-adaptive (5-15-15),0.55358974359
MLPClassifier,identity-sgd-adaptive (10-5-5),0.548717948718
MLPClassifier,identity-sgd-adaptive (10-5-10),0.545384615385
MLPClassifier,identity-sgd-adaptive (10-5-15),0.55641025641
MLPClassifier,identity-sgd-adaptive (10-10-5),0.536923076923
MLPClassifier,identity-sgd-adaptive (10-10-10),0.539487179487
MLPClassifier,identity-sgd-adaptive (10-10-15),0.538717948718
MLPClassifier,identity-sgd-adaptive (10-15-5),0.532051282051
MLPClassifier,identity-sgd-adaptive (10-15-10),0.532820512821
MLPClassifier,identity-sgd-adaptive (10-15-15),0.536666666667
MLPClassifier,identity-sgd-adaptive (15-5-5),0.542307692308
MLPClassifier,identity-sgd-adaptive (15-5-10),0.541025641026
MLPClassifier,identity-sgd-adaptive (15-5-15),0.55641025641
MLPClassifier,identity-sgd-adaptive (15-10-5),0.538461538462
MLPClassifier,identity-sgd-adaptive (15-10-10),0.534102564103
MLPClassifier,identity-sgd-adaptive (15-10-15),0.539487179487
MLPClassifier,identity-sgd-adaptive (15-15-5),0.535384615385
MLPClassifier,identity-sgd-adaptive (15-15-10),0.541794871795
MLPClassifier,identity-sgd-adaptive (15-15-15),0.525384615385
MLPClassifier,identity-adam-constant (5-5-5),0.571025641026
MLPClassifier,identity-adam-constant (5-5-10),0.581538461538
MLPClassifier,identity-adam-constant (5-5-15),0.573846153846
MLPClassifier,identity-adam-constant (5-10-5),0.56358974359
MLPClassifier,identity-adam-constant (5-10-10),0.566923076923
MLPClassifier,identity-adam-constant (5-10-15),0.566923076923
MLPClassifier,identity-adam-constant (5-15-5),0.572820512821
MLPClassifier,identity-adam-constant (5-15-10),0.572051282051
MLPClassifier,identity-adam-constant (5-15-15),0.563846153846
MLPClassifier,identity-adam-constant (10-5-5),0.577435897436
MLPClassifier,identity-adam-constant (10-5-10),0.573076923077
MLPClassifier,identity-adam-constant (10-5-15),0.572564102564
MLPClassifier,identity-adam-constant (10-10-5),0.57358974359
MLPClassifier,identity-adam-constant (10-10-10),0.573846153846
MLPClassifier,identity-adam-constant (10-10-15),0.57
MLPClassifier,identity-adam-constant (10-15-5),0.573846153846
MLPClassifier,identity-adam-constant (10-15-10),0.571025641026
MLPClassifier,identity-adam-constant (10-15-15),0.569487179487
MLPClassifier,identity-adam-constant (15-5-5),0.579230769231
MLPClassifier,identity-adam-constant (15-5-10),0.571282051282
MLPClassifier,identity-adam-constant (15-5-15),0.571025641026
MLPClassifier,identity-adam-constant (15-10-5),0.574871794872
MLPClassifier,identity-adam-constant (15-10-10),0.570769230769
MLPClassifier,identity-adam-constant (15-10-15),0.568717948718
MLPClassifier,identity-adam-constant (15-15-5),0.570512820513
MLPClassifier,identity-adam-constant (15-15-10),0.567435897436
MLPClassifier,identity-adam-constant (15-15-15),0.564358974359
MLPClassifier,identity-adam-invscaling (5-5-5),0.568205128205
MLPClassifier,identity-adam-invscaling (5-5-10),0.573076923077
MLPClassifier,identity-adam-invscaling (5-5-15),0.575128205128
MLPClassifier,identity-adam-invscaling (5-10-5),0.570512820513
MLPClassifier,identity-adam-invscaling (5-10-10),0.571794871795
MLPClassifier,identity-adam-invscaling (5-10-15),0.567435897436
MLPClassifier,identity-adam-invscaling (5-15-5),0.568205128205
MLPClassifier,identity-adam-invscaling (5-15-10),0.57641025641
MLPClassifier,identity-adam-invscaling (5-15-15),0.567435897436
MLPClassifier,identity-adam-invscaling (10-5-5),0.577435897436
MLPClassifier,identity-adam-invscaling (10-5-10),0.572820512821
MLPClassifier,identity-adam-invscaling (10-5-15),0.574358974359
MLPClassifier,identity-adam-invscaling (10-10-5),0.571025641026
MLPClassifier,identity-adam-invscaling (10-10-10),0.575641025641
MLPClassifier,identity-adam-invscaling (10-10-15),0.565384615385
MLPClassifier,identity-adam-invscaling (10-15-5),0.57358974359
MLPClassifier,identity-adam-invscaling (10-15-10),0.571538461538
MLPClassifier,identity-adam-invscaling (10-15-15),0.569743589744
MLPClassifier,identity-adam-invscaling (15-5-5),0.577435897436
MLPClassifier,identity-adam-invscaling (15-5-10),0.574358974359
MLPClassifier,identity-adam-invscaling (15-5-15),0.570769230769
MLPClassifier,identity-adam-invscaling (15-10-5),0.571282051282
MLPClassifier,identity-adam-invscaling (15-10-10),0.57
MLPClassifier,identity-adam-invscaling (15-10-15),0.568461538462
MLPClassifier,identity-adam-invscaling (15-15-5),0.567692307692
MLPClassifier,identity-adam-invscaling (15-15-10),0.56641025641
MLPClassifier,identity-adam-invscaling (15-15-15),0.565897435897
MLPClassifier,identity-adam-adaptive (5-5-5),0.565641025641
MLPClassifier,identity-adam-adaptive (5-5-10),0.568974358974
MLPClassifier,identity-adam-adaptive (5-5-15),0.569743589744
MLPClassifier,identity-adam-adaptive (5-10-5),0.579230769231
MLPClassifier,identity-adam-adaptive (5-10-10),0.567692307692
MLPClassifier,identity-adam-adaptive (5-10-15),0.572051282051
MLPClassifier,identity-adam-adaptive (5-15-5),0.573076923077
MLPClassifier,identity-adam-adaptive (5-15-10),0.570256410256
MLPClassifier,identity-adam-adaptive (5-15-15),0.56358974359
MLPClassifier,identity-adam-adaptive (10-5-5),0.581794871795
MLPClassifier,identity-adam-adaptive (10-5-10),0.575128205128
MLPClassifier,identity-adam-adaptive (10-5-15),0.578205128205
MLPClassifier,identity-adam-adaptive (10-10-5),0.574615384615
MLPClassifier,identity-adam-adaptive (10-10-10),0.572564102564
MLPClassifier,identity-adam-adaptive (10-10-15),0.569743589744
MLPClassifier,identity-adam-adaptive (10-15-5),0.574615384615
MLPClassifier,identity-adam-adaptive (10-15-10),0.570769230769
MLPClassifier,identity-adam-adaptive (10-15-15),0.570769230769
MLPClassifier,identity-adam-adaptive (15-5-5),0.577179487179
MLPClassifier,identity-adam-adaptive (15-5-10),0.573846153846
MLPClassifier,identity-adam-adaptive (15-5-15),0.568205128205
MLPClassifier,identity-adam-adaptive (15-10-5),0.574615384615
MLPClassifier,identity-adam-adaptive (15-10-10),0.571794871795
MLPClassifier,identity-adam-adaptive (15-10-15),0.569230769231
MLPClassifier,identity-adam-adaptive (15-15-5),0.572051282051
MLPClassifier,identity-adam-adaptive (15-15-10),0.56641025641
MLPClassifier,identity-adam-adaptive (15-15-15),0.570256410256
MLPClassifier,logistic-lbfgs-constant (5-5-5),0.551538461538
MLPClassifier,logistic-lbfgs-constant (5-5-10),0.549230769231
MLPClassifier,logistic-lbfgs-constant (5-5-15),0.553076923077
MLPClassifier,logistic-lbfgs-constant (5-10-5),0.553846153846
MLPClassifier,logistic-lbfgs-constant (5-10-10),0.555384615385
MLPClassifier,logistic-lbfgs-constant (5-10-15),0.55358974359
MLPClassifier,logistic-lbfgs-constant (5-15-5),0.552820512821
MLPClassifier,logistic-lbfgs-constant (5-15-10),0.551282051282
MLPClassifier,logistic-lbfgs-constant (5-15-15),0.549487179487
MLPClassifier,logistic-lbfgs-constant (10-5-5),0.561538461538
MLPClassifier,logistic-lbfgs-constant (10-5-10),0.552564102564
MLPClassifier,logistic-lbfgs-constant (10-5-15),0.550512820513
MLPClassifier,logistic-lbfgs-constant (10-10-5),0.547435897436
MLPClassifier,logistic-lbfgs-constant (10-10-10),0.562051282051
MLPClassifier,logistic-lbfgs-constant (10-10-15),0.555384615385
MLPClassifier,logistic-lbfgs-constant (10-15-5),0.558974358974
MLPClassifier,logistic-lbfgs-constant (10-15-10),0.549743589744
MLPClassifier,logistic-lbfgs-constant (10-15-15),0.533076923077
MLPClassifier,logistic-lbfgs-constant (15-5-5),0.567179487179
MLPClassifier,logistic-lbfgs-constant (15-5-10),0.548717948718
MLPClassifier,logistic-lbfgs-constant (15-5-15),0.552564102564
MLPClassifier,logistic-lbfgs-constant (15-10-5),0.571025641026
MLPClassifier,logistic-lbfgs-constant (15-10-10),0.560256410256
MLPClassifier,logistic-lbfgs-constant (15-10-15),0.547948717949
MLPClassifier,logistic-lbfgs-constant (15-15-5),0.545897435897
MLPClassifier,logistic-lbfgs-constant (15-15-10),0.551025641026
MLPClassifier,logistic-lbfgs-constant (15-15-15),0.546153846154
MLPClassifier,logistic-lbfgs-invscaling (5-5-5),0.562307692308
MLPClassifier,logistic-lbfgs-invscaling (5-5-10),0.560512820513
MLPClassifier,logistic-lbfgs-invscaling (5-5-15),0.554871794872
MLPClassifier,logistic-lbfgs-invscaling (5-10-5),0.550769230769
MLPClassifier,logistic-lbfgs-invscaling (5-10-10),0.553076923077
MLPClassifier,logistic-lbfgs-invscaling (5-10-15),0.555897435897
MLPClassifier,logistic-lbfgs-invscaling (5-15-5),0.553846153846
MLPClassifier,logistic-lbfgs-invscaling (5-15-10),0.569743589744
MLPClassifier,logistic-lbfgs-invscaling (5-15-15),0.549743589744
MLPClassifier,logistic-lbfgs-invscaling (10-5-5),0.560256410256
MLPClassifier,logistic-lbfgs-invscaling (10-5-10),0.545128205128
MLPClassifier,logistic-lbfgs-invscaling (10-5-15),0.552564102564
MLPClassifier,logistic-lbfgs-invscaling (10-10-5),0.552051282051
MLPClassifier,logistic-lbfgs-invscaling (10-10-10),0.548461538462
MLPClassifier,logistic-lbfgs-invscaling (10-10-15),0.55641025641
MLPClassifier,logistic-lbfgs-invscaling (10-15-5),0.551538461538
MLPClassifier,logistic-lbfgs-invscaling (10-15-10),0.557692307692
MLPClassifier,logistic-lbfgs-invscaling (10-15-15),0.547692307692
MLPClassifier,logistic-lbfgs-invscaling (15-5-5),0.548461538462
MLPClassifier,logistic-lbfgs-invscaling (15-5-10),0.540769230769
MLPClassifier,logistic-lbfgs-invscaling (15-5-15),0.560769230769
MLPClassifier,logistic-lbfgs-invscaling (15-10-5),0.547435897436
MLPClassifier,logistic-lbfgs-invscaling (15-10-10),0.55
MLPClassifier,logistic-lbfgs-invscaling (15-10-15),0.55641025641
MLPClassifier,logistic-lbfgs-invscaling (15-15-5),0.560512820513
MLPClassifier,logistic-lbfgs-invscaling (15-15-10),0.551538461538
MLPClassifier,logistic-lbfgs-invscaling (15-15-15),0.558717948718
MLPClassifier,logistic-lbfgs-adaptive (5-5-5),0.561025641026
MLPClassifier,logistic-lbfgs-adaptive (5-5-10),0.551538461538
MLPClassifier,logistic-lbfgs-adaptive (5-5-15),0.56358974359
MLPClassifier,logistic-lbfgs-adaptive (5-10-5),0.554102564103
MLPClassifier,logistic-lbfgs-adaptive (5-10-10),0.547179487179
MLPClassifier,logistic-lbfgs-adaptive (5-10-15),0.550769230769
MLPClassifier,logistic-lbfgs-adaptive (5-15-5),0.54641025641
MLPClassifier,logistic-lbfgs-adaptive (5-15-10),0.543076923077
MLPClassifier,logistic-lbfgs-adaptive (5-15-15),0.551794871795
MLPClassifier,logistic-lbfgs-adaptive (10-5-5),0.54641025641
MLPClassifier,logistic-lbfgs-adaptive (10-5-10),0.549230769231
MLPClassifier,logistic-lbfgs-adaptive (10-5-15),0.565384615385
MLPClassifier,logistic-lbfgs-adaptive (10-10-5),0.571025641026
MLPClassifier,logistic-lbfgs-adaptive (10-10-10),0.54358974359
MLPClassifier,logistic-lbfgs-adaptive (10-10-15),0.554358974359
MLPClassifier,logistic-lbfgs-adaptive (10-15-5),0.552051282051
MLPClassifier,logistic-lbfgs-adaptive (10-15-10),0.554615384615
MLPClassifier,logistic-lbfgs-adaptive (10-15-15),0.541282051282
MLPClassifier,logistic-lbfgs-adaptive (15-5-5),0.560769230769
MLPClassifier,logistic-lbfgs-adaptive (15-5-10),0.556923076923
MLPClassifier,logistic-lbfgs-adaptive (15-5-15),0.555384615385
MLPClassifier,logistic-lbfgs-adaptive (15-10-5),0.55358974359
MLPClassifier,logistic-lbfgs-adaptive (15-10-10),0.554358974359
MLPClassifier,logistic-lbfgs-adaptive (15-10-15),0.55358974359
MLPClassifier,logistic-lbfgs-adaptive (15-15-5),0.560256410256
MLPClassifier,logistic-lbfgs-adaptive (15-15-10),0.562307692308
MLPClassifier,logistic-lbfgs-adaptive (15-15-15),0.549230769231
MLPClassifier,logistic-sgd-constant (5-5-5),0.512564102564
MLPClassifier,logistic-sgd-constant (5-5-10),0.570769230769
MLPClassifier,logistic-sgd-constant (5-5-15),0.589487179487
MLPClassifier,logistic-sgd-constant (5-10-5),0.510512820513
MLPClassifier,logistic-sgd-constant (5-10-10),0.569743589744
MLPClassifier,logistic-sgd-constant (5-10-15),0.589230769231
MLPClassifier,logistic-sgd-constant (5-15-5),0.512051282051
MLPClassifier,logistic-sgd-constant (5-15-10),0.570769230769
MLPClassifier,logistic-sgd-constant (5-15-15),0.589487179487
MLPClassifier,logistic-sgd-constant (10-5-5),0.502820512821
MLPClassifier,logistic-sgd-constant (10-5-10),0.570256410256
MLPClassifier,logistic-sgd-constant (10-5-15),0.588974358974
MLPClassifier,logistic-sgd-constant (10-10-5),0.512307692308
MLPClassifier,logistic-sgd-constant (10-10-10),0.571025641026
MLPClassifier,logistic-sgd-constant (10-10-15),0.589487179487
MLPClassifier,logistic-sgd-constant (10-15-5),0.512051282051
MLPClassifier,logistic-sgd-constant (10-15-10),0.568717948718
MLPClassifier,logistic-sgd-constant (10-15-15),0.589487179487
MLPClassifier,logistic-sgd-constant (15-5-5),0.499487179487
MLPClassifier,logistic-sgd-constant (15-5-10),0.568205128205
MLPClassifier,logistic-sgd-constant (15-5-15),0.589487179487
MLPClassifier,logistic-sgd-constant (15-10-5),0.51641025641
MLPClassifier,logistic-sgd-constant (15-10-10),0.571538461538
MLPClassifier,logistic-sgd-constant (15-10-15),0.589487179487
MLPClassifier,logistic-sgd-constant (15-15-5),0.513076923077
MLPClassifier,logistic-sgd-constant (15-15-10),0.567692307692
MLPClassifier,logistic-sgd-constant (15-15-15),0.589743589744
MLPClassifier,logistic-sgd-invscaling (5-5-5),0.512307692308
MLPClassifier,logistic-sgd-invscaling (5-5-10),0.480512820513
MLPClassifier,logistic-sgd-invscaling (5-5-15),0.495897435897
MLPClassifier,logistic-sgd-invscaling (5-10-5),0.487435897436
MLPClassifier,logistic-sgd-invscaling (5-10-10),0.510769230769
MLPClassifier,logistic-sgd-invscaling (5-10-15),0.51358974359
MLPClassifier,logistic-sgd-invscaling (5-15-5),0.502820512821
MLPClassifier,logistic-sgd-invscaling (5-15-10),0.507179487179
MLPClassifier,logistic-sgd-invscaling (5-15-15),0.498717948718
MLPClassifier,logistic-sgd-invscaling (10-5-5),0.503333333333
MLPClassifier,logistic-sgd-invscaling (10-5-10),0.481025641026
MLPClassifier,logistic-sgd-invscaling (10-5-15),0.504102564103
MLPClassifier,logistic-sgd-invscaling (10-10-5),0.509230769231
MLPClassifier,logistic-sgd-invscaling (10-10-10),0.494871794872
MLPClassifier,logistic-sgd-invscaling (10-10-15),0.487948717949
MLPClassifier,logistic-sgd-invscaling (10-15-5),0.490256410256
MLPClassifier,logistic-sgd-invscaling (10-15-10),0.486923076923
MLPClassifier,logistic-sgd-invscaling (10-15-15),0.507435897436
MLPClassifier,logistic-sgd-invscaling (15-5-5),0.497692307692
MLPClassifier,logistic-sgd-invscaling (15-5-10),0.475384615385
MLPClassifier,logistic-sgd-invscaling (15-5-15),0.501025641026
MLPClassifier,logistic-sgd-invscaling (15-10-5),0.484615384615
MLPClassifier,logistic-sgd-invscaling (15-10-10),0.505897435897
MLPClassifier,logistic-sgd-invscaling (15-10-15),0.498205128205
MLPClassifier,logistic-sgd-invscaling (15-15-5),0.487948717949
MLPClassifier,logistic-sgd-invscaling (15-15-10),0.492051282051
MLPClassifier,logistic-sgd-invscaling (15-15-15),0.493846153846
MLPClassifier,logistic-sgd-adaptive (5-5-5),0.503846153846
MLPClassifier,logistic-sgd-adaptive (5-5-10),0.572307692308
MLPClassifier,logistic-sgd-adaptive (5-5-15),0.589743589744
MLPClassifier,logistic-sgd-adaptive (5-10-5),0.5
MLPClassifier,logistic-sgd-adaptive (5-10-10),0.576666666667
MLPClassifier,logistic-sgd-adaptive (5-10-15),0.589743589744
MLPClassifier,logistic-sgd-adaptive (5-15-5),0.508974358974
MLPClassifier,logistic-sgd-adaptive (5-15-10),0.574615384615
MLPClassifier,logistic-sgd-adaptive (5-15-15),0.589743589744
MLPClassifier,logistic-sgd-adaptive (10-5-5),0.51358974359
MLPClassifier,logistic-sgd-adaptive (10-5-10),0.574358974359
MLPClassifier,logistic-sgd-adaptive (10-5-15),0.589743589744
MLPClassifier,logistic-sgd-adaptive (10-10-5),0.505384615385
MLPClassifier,logistic-sgd-adaptive (10-10-10),0.577435897436
MLPClassifier,logistic-sgd-adaptive (10-10-15),0.589743589744
MLPClassifier,logistic-sgd-adaptive (10-15-5),0.509487179487
MLPClassifier,logistic-sgd-adaptive (10-15-10),0.574102564103
MLPClassifier,logistic-sgd-adaptive (10-15-15),0.589487179487
MLPClassifier,logistic-sgd-adaptive (15-5-5),0.508717948718
MLPClassifier,logistic-sgd-adaptive (15-5-10),0.567948717949
MLPClassifier,logistic-sgd-adaptive (15-5-15),0.589743589744
MLPClassifier,logistic-sgd-adaptive (15-10-5),0.510256410256
MLPClassifier,logistic-sgd-adaptive (15-10-10),0.571025641026
MLPClassifier,logistic-sgd-adaptive (15-10-15),0.589743589744
MLPClassifier,logistic-sgd-adaptive (15-15-5),0.508974358974
MLPClassifier,logistic-sgd-adaptive (15-15-10),0.577435897436
MLPClassifier,logistic-sgd-adaptive (15-15-15),0.589487179487
MLPClassifier,logistic-adam-constant (5-5-5),0.581025641026
MLPClassifier,logistic-adam-constant (5-5-10),0.58641025641
MLPClassifier,logistic-adam-constant (5-5-15),0.589743589744
MLPClassifier,logistic-adam-constant (5-10-5),0.576666666667
MLPClassifier,logistic-adam-constant (5-10-10),0.59
MLPClassifier,logistic-adam-constant (5-10-15),0.589487179487
MLPClassifier,logistic-adam-constant (5-15-5),0.585384615385
MLPClassifier,logistic-adam-constant (5-15-10),0.589230769231
MLPClassifier,logistic-adam-constant (5-15-15),0.589230769231
MLPClassifier,logistic-adam-constant (10-5-5),0.578717948718
MLPClassifier,logistic-adam-constant (10-5-10),0.588461538462
MLPClassifier,logistic-adam-constant (10-5-15),0.59
MLPClassifier,logistic-adam-constant (10-10-5),0.582820512821
MLPClassifier,logistic-adam-constant (10-10-10),0.589743589744
MLPClassifier,logistic-adam-constant (10-10-15),0.589743589744
MLPClassifier,logistic-adam-constant (10-15-5),0.58
MLPClassifier,logistic-adam-constant (10-15-10),0.589487179487
MLPClassifier,logistic-adam-constant (10-15-15),0.59
MLPClassifier,logistic-adam-constant (15-5-5),0.575128205128
MLPClassifier,logistic-adam-constant (15-5-10),0.588461538462
MLPClassifier,logistic-adam-constant (15-5-15),0.589743589744
MLPClassifier,logistic-adam-constant (15-10-5),0.580512820513
MLPClassifier,logistic-adam-constant (15-10-10),0.589743589744
MLPClassifier,logistic-adam-constant (15-10-15),0.589487179487
MLPClassifier,logistic-adam-constant (15-15-5),0.583076923077
MLPClassifier,logistic-adam-constant (15-15-10),0.589487179487
MLPClassifier,logistic-adam-constant (15-15-15),0.589743589744
MLPClassifier,logistic-adam-invscaling (5-5-5),0.57358974359
MLPClassifier,logistic-adam-invscaling (5-5-10),0.587179487179
MLPClassifier,logistic-adam-invscaling (5-5-15),0.589487179487
MLPClassifier,logistic-adam-invscaling (5-10-5),0.572564102564
MLPClassifier,logistic-adam-invscaling (5-10-10),0.588205128205
MLPClassifier,logistic-adam-invscaling (5-10-15),0.59
MLPClassifier,logistic-adam-invscaling (5-15-5),0.582307692308
MLPClassifier,logistic-adam-invscaling (5-15-10),0.59
MLPClassifier,logistic-adam-invscaling (5-15-15),0.589743589744
MLPClassifier,logistic-adam-invscaling (10-5-5),0.57
MLPClassifier,logistic-adam-invscaling (10-5-10),0.587179487179
MLPClassifier,logistic-adam-invscaling (10-5-15),0.589743589744
MLPClassifier,logistic-adam-invscaling (10-10-5),0.578461538462
MLPClassifier,logistic-adam-invscaling (10-10-10),0.589230769231
MLPClassifier,logistic-adam-invscaling (10-10-15),0.589743589744
MLPClassifier,logistic-adam-invscaling (10-15-5),0.586153846154
MLPClassifier,logistic-adam-invscaling (10-15-10),0.589230769231
MLPClassifier,logistic-adam-invscaling (10-15-15),0.589743589744
MLPClassifier,logistic-adam-invscaling (15-5-5),0.578205128205
MLPClassifier,logistic-adam-invscaling (15-5-10),0.590256410256
MLPClassifier,logistic-adam-invscaling (15-5-15),0.589743589744
MLPClassifier,logistic-adam-invscaling (15-10-5),0.575641025641
MLPClassifier,logistic-adam-invscaling (15-10-10),0.588717948718
MLPClassifier,logistic-adam-invscaling (15-10-15),0.589487179487
MLPClassifier,logistic-adam-invscaling (15-15-5),0.587692307692
MLPClassifier,logistic-adam-invscaling (15-15-10),0.588461538462
MLPClassifier,logistic-adam-invscaling (15-15-15),0.589743589744
MLPClassifier,logistic-adam-adaptive (5-5-5),0.576666666667
MLPClassifier,logistic-adam-adaptive (5-5-10),0.587435897436
MLPClassifier,logistic-adam-adaptive (5-5-15),0.590256410256
MLPClassifier,logistic-adam-adaptive (5-10-5),0.581025641026
MLPClassifier,logistic-adam-adaptive (5-10-10),0.59
MLPClassifier,logistic-adam-adaptive (5-10-15),0.589743589744
MLPClassifier,logistic-adam-adaptive (5-15-5),0.575897435897
MLPClassifier,logistic-adam-adaptive (5-15-10),0.589487179487
MLPClassifier,logistic-adam-adaptive (5-15-15),0.589743589744
MLPClassifier,logistic-adam-adaptive (10-5-5),0.574358974359
MLPClassifier,logistic-adam-adaptive (10-5-10),0.586923076923
MLPClassifier,logistic-adam-adaptive (10-5-15),0.589487179487
MLPClassifier,logistic-adam-adaptive (10-10-5),0.582051282051
MLPClassifier,logistic-adam-adaptive (10-10-10),0.589230769231
MLPClassifier,logistic-adam-adaptive (10-10-15),0.589743589744
MLPClassifier,logistic-adam-adaptive (10-15-5),0.58
MLPClassifier,logistic-adam-adaptive (10-15-10),0.589230769231
MLPClassifier,logistic-adam-adaptive (10-15-15),0.589743589744
MLPClassifier,logistic-adam-adaptive (15-5-5),0.575897435897
MLPClassifier,logistic-adam-adaptive (15-5-10),0.587179487179
MLPClassifier,logistic-adam-adaptive (15-5-15),0.589487179487
MLPClassifier,logistic-adam-adaptive (15-10-5),0.577948717949
MLPClassifier,logistic-adam-adaptive (15-10-10),0.589487179487
MLPClassifier,logistic-adam-adaptive (15-10-15),0.59
MLPClassifier,logistic-adam-adaptive (15-15-5),0.584102564103
MLPClassifier,logistic-adam-adaptive (15-15-10),0.588461538462
MLPClassifier,logistic-adam-adaptive (15-15-15),0.589743589744
MLPClassifier,tanh-lbfgs-constant (5-5-5),0.57
MLPClassifier,tanh-lbfgs-constant (5-5-10),0.572307692308
MLPClassifier,tanh-lbfgs-constant (5-5-15),0.577435897436
MLPClassifier,tanh-lbfgs-constant (5-10-5),0.586666666667
MLPClassifier,tanh-lbfgs-constant (5-10-10),0.583076923077
MLPClassifier,tanh-lbfgs-constant (5-10-15),0.577435897436
MLPClassifier,tanh-lbfgs-constant (5-15-5),0.588205128205
MLPClassifier,tanh-lbfgs-constant (5-15-10),0.589230769231
MLPClassifier,tanh-lbfgs-constant (5-15-15),0.580512820513
MLPClassifier,tanh-lbfgs-constant (10-5-5),0.588461538462
MLPClassifier,tanh-lbfgs-constant (10-5-10),0.588717948718
MLPClassifier,tanh-lbfgs-constant (10-5-15),0.589230769231
MLPClassifier,tanh-lbfgs-constant (10-10-5),0.594615384615
MLPClassifier,tanh-lbfgs-constant (10-10-10),0.592307692308
MLPClassifier,tanh-lbfgs-constant (10-10-15),0.580769230769
MLPClassifier,tanh-lbfgs-constant (10-15-5),0.6
MLPClassifier,tanh-lbfgs-constant (10-15-10),0.585641025641
MLPClassifier,tanh-lbfgs-constant (10-15-15),0.587179487179
MLPClassifier,tanh-lbfgs-constant (15-5-5),0.584615384615
MLPClassifier,tanh-lbfgs-constant (15-5-10),0.583076923077
MLPClassifier,tanh-lbfgs-constant (15-5-15),0.577692307692
MLPClassifier,tanh-lbfgs-constant (15-10-5),0.604615384615
MLPClassifier,tanh-lbfgs-constant (15-10-10),0.592307692308
MLPClassifier,tanh-lbfgs-constant (15-10-15),0.58358974359
MLPClassifier,tanh-lbfgs-constant (15-15-5),0.598461538462
MLPClassifier,tanh-lbfgs-constant (15-15-10),0.585897435897
MLPClassifier,tanh-lbfgs-constant (15-15-15),0.587435897436
MLPClassifier,tanh-lbfgs-invscaling (5-5-5),0.571794871795
MLPClassifier,tanh-lbfgs-invscaling (5-5-10),0.57358974359
MLPClassifier,tanh-lbfgs-invscaling (5-5-15),0.576923076923
MLPClassifier,tanh-lbfgs-invscaling (5-10-5),0.588205128205
MLPClassifier,tanh-lbfgs-invscaling (5-10-10),0.575128205128
MLPClassifier,tanh-lbfgs-invscaling (5-10-15),0.578717948718
MLPClassifier,tanh-lbfgs-invscaling (5-15-5),0.591282051282
MLPClassifier,tanh-lbfgs-invscaling (5-15-10),0.589230769231
MLPClassifier,tanh-lbfgs-invscaling (5-15-15),0.571282051282
MLPClassifier,tanh-lbfgs-invscaling (10-5-5),0.592820512821
MLPClassifier,tanh-lbfgs-invscaling (10-5-10),0.588205128205
MLPClassifier,tanh-lbfgs-invscaling (10-5-15),0.59
MLPClassifier,tanh-lbfgs-invscaling (10-10-5),0.597692307692
MLPClassifier,tanh-lbfgs-invscaling (10-10-10),0.597435897436
MLPClassifier,tanh-lbfgs-invscaling (10-10-15),0.580256410256
MLPClassifier,tanh-lbfgs-invscaling (10-15-5),0.604102564103
MLPClassifier,tanh-lbfgs-invscaling (10-15-10),0.588205128205
MLPClassifier,tanh-lbfgs-invscaling (10-15-15),0.590769230769
MLPClassifier,tanh-lbfgs-invscaling (15-5-5),0.583333333333
MLPClassifier,tanh-lbfgs-invscaling (15-5-10),0.579743589744
MLPClassifier,tanh-lbfgs-invscaling (15-5-15),0.574358974359
MLPClassifier,tanh-lbfgs-invscaling (15-10-5),0.599743589744
MLPClassifier,tanh-lbfgs-invscaling (15-10-10),0.588974358974
MLPClassifier,tanh-lbfgs-invscaling (15-10-15),0.582564102564
MLPClassifier,tanh-lbfgs-invscaling (15-15-5),0.596923076923
MLPClassifier,tanh-lbfgs-invscaling (15-15-10),0.584615384615
MLPClassifier,tanh-lbfgs-invscaling (15-15-15),0.58641025641
MLPClassifier,tanh-lbfgs-adaptive (5-5-5),0.573333333333
MLPClassifier,tanh-lbfgs-adaptive (5-5-10),0.570769230769
MLPClassifier,tanh-lbfgs-adaptive (5-5-15),0.568717948718
MLPClassifier,tanh-lbfgs-adaptive (5-10-5),0.586923076923
MLPClassifier,tanh-lbfgs-adaptive (5-10-10),0.586153846154
MLPClassifier,tanh-lbfgs-adaptive (5-10-15),0.58641025641
MLPClassifier,tanh-lbfgs-adaptive (5-15-5),0.586153846154
MLPClassifier,tanh-lbfgs-adaptive (5-15-10),0.58
MLPClassifier,tanh-lbfgs-adaptive (5-15-15),0.577692307692
MLPClassifier,tanh-lbfgs-adaptive (10-5-5),0.577948717949
MLPClassifier,tanh-lbfgs-adaptive (10-5-10),0.591025641026
MLPClassifier,tanh-lbfgs-adaptive (10-5-15),0.565897435897
MLPClassifier,tanh-lbfgs-adaptive (10-10-5),0.589743589744
MLPClassifier,tanh-lbfgs-adaptive (10-10-10),0.591538461538
MLPClassifier,tanh-lbfgs-adaptive (10-10-15),0.582051282051
MLPClassifier,tanh-lbfgs-adaptive (10-15-5),0.59641025641
MLPClassifier,tanh-lbfgs-adaptive (10-15-10),0.598717948718
MLPClassifier,tanh-lbfgs-adaptive (10-15-15),0.58358974359
MLPClassifier,tanh-lbfgs-adaptive (15-5-5),0.583333333333
MLPClassifier,tanh-lbfgs-adaptive (15-5-10),0.575641025641
MLPClassifier,tanh-lbfgs-adaptive (15-5-15),0.575641025641
MLPClassifier,tanh-lbfgs-adaptive (15-10-5),0.597692307692
MLPClassifier,tanh-lbfgs-adaptive (15-10-10),0.588974358974
MLPClassifier,tanh-lbfgs-adaptive (15-10-15),0.584871794872
MLPClassifier,tanh-lbfgs-adaptive (15-15-5),0.594615384615
MLPClassifier,tanh-lbfgs-adaptive (15-15-10),0.595384615385
MLPClassifier,tanh-lbfgs-adaptive (15-15-15),0.582051282051
MLPClassifier,tanh-sgd-constant (5-5-5),0.55641025641
MLPClassifier,tanh-sgd-constant (5-5-10),0.568205128205
MLPClassifier,tanh-sgd-constant (5-5-15),0.573846153846
MLPClassifier,tanh-sgd-constant (5-10-5),0.564358974359
MLPClassifier,tanh-sgd-constant (5-10-10),0.568205128205
MLPClassifier,tanh-sgd-constant (5-10-15),0.571282051282
MLPClassifier,tanh-sgd-constant (5-15-5),0.562564102564
MLPClassifier,tanh-sgd-constant (5-15-10),0.574358974359
MLPClassifier,tanh-sgd-constant (5-15-15),0.572564102564
MLPClassifier,tanh-sgd-constant (10-5-5),0.557435897436
MLPClassifier,tanh-sgd-constant (10-5-10),0.564358974359
MLPClassifier,tanh-sgd-constant (10-5-15),0.569487179487
MLPClassifier,tanh-sgd-constant (10-10-5),0.56358974359
MLPClassifier,tanh-sgd-constant (10-10-10),0.562307692308
MLPClassifier,tanh-sgd-constant (10-10-15),0.567435897436
MLPClassifier,tanh-sgd-constant (10-15-5),0.558461538462
MLPClassifier,tanh-sgd-constant (10-15-10),0.563076923077
MLPClassifier,tanh-sgd-constant (10-15-15),0.563076923077
MLPClassifier,tanh-sgd-constant (15-5-5),0.559487179487
MLPClassifier,tanh-sgd-constant (15-5-10),0.568974358974
MLPClassifier,tanh-sgd-constant (15-5-15),0.570512820513
MLPClassifier,tanh-sgd-constant (15-10-5),0.550769230769
MLPClassifier,tanh-sgd-constant (15-10-10),0.561794871795
MLPClassifier,tanh-sgd-constant (15-10-15),0.562051282051
MLPClassifier,tanh-sgd-constant (15-15-5),0.559487179487
MLPClassifier,tanh-sgd-constant (15-15-10),0.557435897436
MLPClassifier,tanh-sgd-constant (15-15-15),0.55641025641
MLPClassifier,tanh-sgd-invscaling (5-5-5),0.486923076923
MLPClassifier,tanh-sgd-invscaling (5-5-10),0.479230769231
MLPClassifier,tanh-sgd-invscaling (5-5-15),0.498717948718
MLPClassifier,tanh-sgd-invscaling (5-10-5),0.497435897436
MLPClassifier,tanh-sgd-invscaling (5-10-10),0.504358974359
MLPClassifier,tanh-sgd-invscaling (5-10-15),0.506666666667
MLPClassifier,tanh-sgd-invscaling (5-15-5),0.488974358974
MLPClassifier,tanh-sgd-invscaling (5-15-10),0.505128205128
MLPClassifier,tanh-sgd-invscaling (5-15-15),0.506153846154
MLPClassifier,tanh-sgd-invscaling (10-5-5),0.494102564103
MLPClassifier,tanh-sgd-invscaling (10-5-10),0.493846153846
MLPClassifier,tanh-sgd-invscaling (10-5-15),0.498205128205
MLPClassifier,tanh-sgd-invscaling (10-10-5),0.504871794872
MLPClassifier,tanh-sgd-invscaling (10-10-10),0.499230769231
MLPClassifier,tanh-sgd-invscaling (10-10-15),0.501538461538
MLPClassifier,tanh-sgd-invscaling (10-15-5),0.494871794872
MLPClassifier,tanh-sgd-invscaling (10-15-10),0.510769230769
MLPClassifier,tanh-sgd-invscaling (10-15-15),0.5
MLPClassifier,tanh-sgd-invscaling (15-5-5),0.481538461538
MLPClassifier,tanh-sgd-invscaling (15-5-10),0.499230769231
MLPClassifier,tanh-sgd-invscaling (15-5-15),0.513076923077
MLPClassifier,tanh-sgd-invscaling (15-10-5),0.511025641026
MLPClassifier,tanh-sgd-invscaling (15-10-10),0.484358974359
MLPClassifier,tanh-sgd-invscaling (15-10-15),0.5
MLPClassifier,tanh-sgd-invscaling (15-15-5),0.497179487179
MLPClassifier,tanh-sgd-invscaling (15-15-10),0.501025641026
MLPClassifier,tanh-sgd-invscaling (15-15-15),0.509230769231
MLPClassifier,tanh-sgd-adaptive (5-5-5),0.561794871795
MLPClassifier,tanh-sgd-adaptive (5-5-10),0.570256410256
MLPClassifier,tanh-sgd-adaptive (5-5-15),0.572820512821
MLPClassifier,tanh-sgd-adaptive (5-10-5),0.568974358974
MLPClassifier,tanh-sgd-adaptive (5-10-10),0.574102564103
MLPClassifier,tanh-sgd-adaptive (5-10-15),0.573333333333
MLPClassifier,tanh-sgd-adaptive (5-15-5),0.568205128205
MLPClassifier,tanh-sgd-adaptive (5-15-10),0.571794871795
MLPClassifier,tanh-sgd-adaptive (5-15-15),0.571025641026
MLPClassifier,tanh-sgd-adaptive (10-5-5),0.552820512821
MLPClassifier,tanh-sgd-adaptive (10-5-10),0.565128205128
MLPClassifier,tanh-sgd-adaptive (10-5-15),0.571025641026
MLPClassifier,tanh-sgd-adaptive (10-10-5),0.551794871795
MLPClassifier,tanh-sgd-adaptive (10-10-10),0.569230769231
MLPClassifier,tanh-sgd-adaptive (10-10-15),0.57
MLPClassifier,tanh-sgd-adaptive (10-15-5),0.549487179487
MLPClassifier,tanh-sgd-adaptive (10-15-10),0.559230769231
MLPClassifier,tanh-sgd-adaptive (10-15-15),0.568974358974
MLPClassifier,tanh-sgd-adaptive (15-5-5),0.555641025641
MLPClassifier,tanh-sgd-adaptive (15-5-10),0.565897435897
MLPClassifier,tanh-sgd-adaptive (15-5-15),0.570769230769
MLPClassifier,tanh-sgd-adaptive (15-10-5),0.555641025641
MLPClassifier,tanh-sgd-adaptive (15-10-10),0.562307692308
MLPClassifier,tanh-sgd-adaptive (15-10-15),0.567692307692
MLPClassifier,tanh-sgd-adaptive (15-15-5),0.554358974359
MLPClassifier,tanh-sgd-adaptive (15-15-10),0.555128205128
MLPClassifier,tanh-sgd-adaptive (15-15-15),0.560256410256
MLPClassifier,tanh-adam-constant (5-5-5),0.547179487179
MLPClassifier,tanh-adam-constant (5-5-10),0.557692307692
MLPClassifier,tanh-adam-constant (5-5-15),0.556153846154
MLPClassifier,tanh-adam-constant (5-10-5),0.549743589744
MLPClassifier,tanh-adam-constant (5-10-10),0.560769230769
MLPClassifier,tanh-adam-constant (5-10-15),0.558717948718
MLPClassifier,tanh-adam-constant (5-15-5),0.55358974359
MLPClassifier,tanh-adam-constant (5-15-10),0.560769230769
MLPClassifier,tanh-adam-constant (5-15-15),0.559743589744
MLPClassifier,tanh-adam-constant (10-5-5),0.546666666667
MLPClassifier,tanh-adam-constant (10-5-10),0.550256410256
MLPClassifier,tanh-adam-constant (10-5-15),0.556923076923
MLPClassifier,tanh-adam-constant (10-10-5),0.55358974359
MLPClassifier,tanh-adam-constant (10-10-10),0.557948717949
MLPClassifier,tanh-adam-constant (10-10-15),0.559487179487
MLPClassifier,tanh-adam-constant (10-15-5),0.55
MLPClassifier,tanh-adam-constant (10-15-10),0.560512820513
MLPClassifier,tanh-adam-constant (10-15-15),0.559487179487
MLPClassifier,tanh-adam-constant (15-5-5),0.539743589744
MLPClassifier,tanh-adam-constant (15-5-10),0.551282051282
MLPClassifier,tanh-adam-constant (15-5-15),0.560256410256
MLPClassifier,tanh-adam-constant (15-10-5),0.548461538462
MLPClassifier,tanh-adam-constant (15-10-10),0.55641025641
MLPClassifier,tanh-adam-constant (15-10-15),0.554358974359
MLPClassifier,tanh-adam-constant (15-15-5),0.547179487179
MLPClassifier,tanh-adam-constant (15-15-10),0.549743589744
MLPClassifier,tanh-adam-constant (15-15-15),0.552051282051
MLPClassifier,tanh-adam-invscaling (5-5-5),0.551282051282
MLPClassifier,tanh-adam-invscaling (5-5-10),0.562307692308
MLPClassifier,tanh-adam-invscaling (5-5-15),0.547435897436
MLPClassifier,tanh-adam-invscaling (5-10-5),0.555641025641
MLPClassifier,tanh-adam-invscaling (5-10-10),0.557435897436
MLPClassifier,tanh-adam-invscaling (5-10-15),0.562051282051
MLPClassifier,tanh-adam-invscaling (5-15-5),0.556923076923
MLPClassifier,tanh-adam-invscaling (5-15-10),0.562051282051
MLPClassifier,tanh-adam-invscaling (5-15-15),0.563846153846
MLPClassifier,tanh-adam-invscaling (10-5-5),0.544871794872
MLPClassifier,tanh-adam-invscaling (10-5-10),0.554871794872
MLPClassifier,tanh-adam-invscaling (10-5-15),0.561282051282
MLPClassifier,tanh-adam-invscaling (10-10-5),0.544871794872
MLPClassifier,tanh-adam-invscaling (10-10-10),0.558717948718
MLPClassifier,tanh-adam-invscaling (10-10-15),0.560256410256
MLPClassifier,tanh-adam-invscaling (10-15-5),0.551025641026
MLPClassifier,tanh-adam-invscaling (10-15-10),0.556153846154
MLPClassifier,tanh-adam-invscaling (10-15-15),0.56
MLPClassifier,tanh-adam-invscaling (15-5-5),0.543333333333
MLPClassifier,tanh-adam-invscaling (15-5-10),0.552564102564
MLPClassifier,tanh-adam-invscaling (15-5-15),0.556666666667
MLPClassifier,tanh-adam-invscaling (15-10-5),0.550512820513
MLPClassifier,tanh-adam-invscaling (15-10-10),0.555897435897
MLPClassifier,tanh-adam-invscaling (15-10-15),0.557435897436
MLPClassifier,tanh-adam-invscaling (15-15-5),0.540769230769
MLPClassifier,tanh-adam-invscaling (15-15-10),0.547948717949
MLPClassifier,tanh-adam-invscaling (15-15-15),0.554102564103
MLPClassifier,tanh-adam-adaptive (5-5-5),0.554102564103
MLPClassifier,tanh-adam-adaptive (5-5-10),0.559743589744
MLPClassifier,tanh-adam-adaptive (5-5-15),0.562820512821
MLPClassifier,tanh-adam-adaptive (5-10-5),0.55
MLPClassifier,tanh-adam-adaptive (5-10-10),0.559743589744
MLPClassifier,tanh-adam-adaptive (5-10-15),0.560256410256
MLPClassifier,tanh-adam-adaptive (5-15-5),0.554358974359
MLPClassifier,tanh-adam-adaptive (5-15-10),0.558205128205
MLPClassifier,tanh-adam-adaptive (5-15-15),0.564358974359
MLPClassifier,tanh-adam-adaptive (10-5-5),0.547948717949
MLPClassifier,tanh-adam-adaptive (10-5-10),0.552820512821
MLPClassifier,tanh-adam-adaptive (10-5-15),0.559230769231
MLPClassifier,tanh-adam-adaptive (10-10-5),0.547435897436
MLPClassifier,tanh-adam-adaptive (10-10-10),0.562307692308
MLPClassifier,tanh-adam-adaptive (10-10-15),0.560769230769
MLPClassifier,tanh-adam-adaptive (10-15-5),0.551538461538
MLPClassifier,tanh-adam-adaptive (10-15-10),0.556923076923
MLPClassifier,tanh-adam-adaptive (10-15-15),0.557435897436
MLPClassifier,tanh-adam-adaptive (15-5-5),0.546666666667
MLPClassifier,tanh-adam-adaptive (15-5-10),0.551794871795
MLPClassifier,tanh-adam-adaptive (15-5-15),0.55641025641
MLPClassifier,tanh-adam-adaptive (15-10-5),0.544871794872
MLPClassifier,tanh-adam-adaptive (15-10-10),0.553846153846
MLPClassifier,tanh-adam-adaptive (15-10-15),0.557948717949
MLPClassifier,tanh-adam-adaptive (15-15-5),0.543333333333
MLPClassifier,tanh-adam-adaptive (15-15-10),0.553076923077
MLPClassifier,tanh-adam-adaptive (15-15-15),0.553846153846
MLPClassifier,relu-lbfgs-constant (5-5-5),0.562307692308
MLPClassifier,relu-lbfgs-constant (5-5-10),0.565897435897
MLPClassifier,relu-lbfgs-constant (5-5-15),0.555897435897
MLPClassifier,relu-lbfgs-constant (5-10-5),0.566923076923
MLPClassifier,relu-lbfgs-constant (5-10-10),0.555128205128
MLPClassifier,relu-lbfgs-constant (5-10-15),0.56
MLPClassifier,relu-lbfgs-constant (5-15-5),0.562820512821
MLPClassifier,relu-lbfgs-constant (5-15-10),0.57
MLPClassifier,relu-lbfgs-constant (5-15-15),0.571025641026
MLPClassifier,relu-lbfgs-constant (10-5-5),0.568974358974
MLPClassifier,relu-lbfgs-constant (10-5-10),0.571282051282
MLPClassifier,relu-lbfgs-constant (10-5-15),0.55641025641
MLPClassifier,relu-lbfgs-constant (10-10-5),0.570256410256
MLPClassifier,relu-lbfgs-constant (10-10-10),0.578717948718
MLPClassifier,relu-lbfgs-constant (10-10-15),0.574615384615
MLPClassifier,relu-lbfgs-constant (10-15-5),0.568461538462
MLPClassifier,relu-lbfgs-constant (10-15-10),0.572820512821
MLPClassifier,relu-lbfgs-constant (10-15-15),0.571538461538
MLPClassifier,relu-lbfgs-constant (15-5-5),0.571025641026
MLPClassifier,relu-lbfgs-constant (15-5-10),0.572307692308
MLPClassifier,relu-lbfgs-constant (15-5-15),0.571794871795
MLPClassifier,relu-lbfgs-constant (15-10-5),0.560769230769
MLPClassifier,relu-lbfgs-constant (15-10-10),0.564358974359
MLPClassifier,relu-lbfgs-constant (15-10-15),0.558717948718
MLPClassifier,relu-lbfgs-constant (15-15-5),0.564615384615
MLPClassifier,relu-lbfgs-constant (15-15-10),0.572307692308
MLPClassifier,relu-lbfgs-constant (15-15-15),0.584102564103
MLPClassifier,relu-lbfgs-invscaling (5-5-5),0.556153846154
MLPClassifier,relu-lbfgs-invscaling (5-5-10),0.553846153846
MLPClassifier,relu-lbfgs-invscaling (5-5-15),0.562820512821
MLPClassifier,relu-lbfgs-invscaling (5-10-5),0.564615384615
MLPClassifier,relu-lbfgs-invscaling (5-10-10),0.567179487179
MLPClassifier,relu-lbfgs-invscaling (5-10-15),0.566923076923
MLPClassifier,relu-lbfgs-invscaling (5-15-5),0.567692307692
MLPClassifier,relu-lbfgs-invscaling (5-15-10),0.561025641026
MLPClassifier,relu-lbfgs-invscaling (5-15-15),0.56
MLPClassifier,relu-lbfgs-invscaling (10-5-5),0.566923076923
MLPClassifier,relu-lbfgs-invscaling (10-5-10),0.569230769231
MLPClassifier,relu-lbfgs-invscaling (10-5-15),0.56
MLPClassifier,relu-lbfgs-invscaling (10-10-5),0.564102564103
MLPClassifier,relu-lbfgs-invscaling (10-10-10),0.568461538462
MLPClassifier,relu-lbfgs-invscaling (10-10-15),0.560256410256
MLPClassifier,relu-lbfgs-invscaling (10-15-5),0.570256410256
MLPClassifier,relu-lbfgs-invscaling (10-15-10),0.585384615385
MLPClassifier,relu-lbfgs-invscaling (10-15-15),0.564615384615
MLPClassifier,relu-lbfgs-invscaling (15-5-5),0.565128205128
MLPClassifier,relu-lbfgs-invscaling (15-5-10),0.565641025641
MLPClassifier,relu-lbfgs-invscaling (15-5-15),0.572564102564
MLPClassifier,relu-lbfgs-invscaling (15-10-5),0.563076923077
MLPClassifier,relu-lbfgs-invscaling (15-10-10),0.570512820513
MLPClassifier,relu-lbfgs-invscaling (15-10-15),0.56358974359
MLPClassifier,relu-lbfgs-invscaling (15-15-5),0.563846153846
MLPClassifier,relu-lbfgs-invscaling (15-15-10),0.576923076923
MLPClassifier,relu-lbfgs-invscaling (15-15-15),0.578974358974
MLPClassifier,relu-lbfgs-adaptive (5-5-5),0.558461538462
MLPClassifier,relu-lbfgs-adaptive (5-5-10),0.562820512821
MLPClassifier,relu-lbfgs-adaptive (5-5-15),0.567948717949
MLPClassifier,relu-lbfgs-adaptive (5-10-5),0.556666666667
MLPClassifier,relu-lbfgs-adaptive (5-10-10),0.557948717949
MLPClassifier,relu-lbfgs-adaptive (5-10-15),0.571794871795
MLPClassifier,relu-lbfgs-adaptive (5-15-5),0.561538461538
MLPClassifier,relu-lbfgs-adaptive (5-15-10),0.555641025641
MLPClassifier,relu-lbfgs-adaptive (5-15-15),0.567948717949
MLPClassifier,relu-lbfgs-adaptive (10-5-5),0.564358974359
MLPClassifier,relu-lbfgs-adaptive (10-5-10),0.558717948718
MLPClassifier,relu-lbfgs-adaptive (10-5-15),0.562820512821
MLPClassifier,relu-lbfgs-adaptive (10-10-5),0.565641025641
MLPClassifier,relu-lbfgs-adaptive (10-10-10),0.564102564103
MLPClassifier,relu-lbfgs-adaptive (10-10-15),0.568461538462
MLPClassifier,relu-lbfgs-adaptive (10-15-5),0.570256410256
MLPClassifier,relu-lbfgs-adaptive (10-15-10),0.571025641026
MLPClassifier,relu-lbfgs-adaptive (10-15-15),0.57641025641
MLPClassifier,relu-lbfgs-adaptive (15-5-5),0.560256410256
MLPClassifier,relu-lbfgs-adaptive (15-5-10),0.560769230769
MLPClassifier,relu-lbfgs-adaptive (15-5-15),0.568461538462
MLPClassifier,relu-lbfgs-adaptive (15-10-5),0.565897435897
MLPClassifier,relu-lbfgs-adaptive (15-10-10),0.573333333333
MLPClassifier,relu-lbfgs-adaptive (15-10-15),0.574615384615
MLPClassifier,relu-lbfgs-adaptive (15-15-5),0.567692307692
MLPClassifier,relu-lbfgs-adaptive (15-15-10),0.572307692308
MLPClassifier,relu-lbfgs-adaptive (15-15-15),0.573333333333
MLPClassifier,relu-sgd-constant (5-5-5),0.522820512821
MLPClassifier,relu-sgd-constant (5-5-10),0.541794871795
MLPClassifier,relu-sgd-constant (5-5-15),0.546153846154
MLPClassifier,relu-sgd-constant (5-10-5),0.522564102564
MLPClassifier,relu-sgd-constant (5-10-10),0.549487179487
MLPClassifier,relu-sgd-constant (5-10-15),0.548205128205
MLPClassifier,relu-sgd-constant (5-15-5),0.524358974359
MLPClassifier,relu-sgd-constant (5-15-10),0.549487179487
MLPClassifier,relu-sgd-constant (5-15-15),0.559743589744
MLPClassifier,relu-sgd-constant (10-5-5),0.528205128205
MLPClassifier,relu-sgd-constant (10-5-10),0.537692307692
MLPClassifier,relu-sgd-constant (10-5-15),0.549743589744
MLPClassifier,relu-sgd-constant (10-10-5),0.528974358974
MLPClassifier,relu-sgd-constant (10-10-10),0.553333333333
MLPClassifier,relu-sgd-constant (10-10-15),0.553846153846
MLPClassifier,relu-sgd-constant (10-15-5),0.529230769231
MLPClassifier,relu-sgd-constant (10-15-10),0.547692307692
MLPClassifier,relu-sgd-constant (10-15-15),0.558717948718
MLPClassifier,relu-sgd-constant (15-5-5),0.520769230769
MLPClassifier,relu-sgd-constant (15-5-10),0.540769230769
MLPClassifier,relu-sgd-constant (15-5-15),0.543846153846
MLPClassifier,relu-sgd-constant (15-10-5),0.531282051282
MLPClassifier,relu-sgd-constant (15-10-10),0.544615384615
MLPClassifier,relu-sgd-constant (15-10-15),0.555897435897
MLPClassifier,relu-sgd-constant (15-15-5),0.518461538462
MLPClassifier,relu-sgd-constant (15-15-10),0.551794871795
MLPClassifier,relu-sgd-constant (15-15-15),0.560512820513
MLPClassifier,relu-sgd-invscaling (5-5-5),0.489230769231
MLPClassifier,relu-sgd-invscaling (5-5-10),0.498717948718
MLPClassifier,relu-sgd-invscaling (5-5-15),0.504615384615
MLPClassifier,relu-sgd-invscaling (5-10-5),0.496923076923
MLPClassifier,relu-sgd-invscaling (5-10-10),0.51
MLPClassifier,relu-sgd-invscaling (5-10-15),0.490769230769
MLPClassifier,relu-sgd-invscaling (5-15-5),0.515897435897
MLPClassifier,relu-sgd-invscaling (5-15-10),0.488974358974
MLPClassifier,relu-sgd-invscaling (5-15-15),0.504358974359
MLPClassifier,relu-sgd-invscaling (10-5-5),0.493846153846
MLPClassifier,relu-sgd-invscaling (10-5-10),0.506666666667
MLPClassifier,relu-sgd-invscaling (10-5-15),0.497179487179
MLPClassifier,relu-sgd-invscaling (10-10-5),0.497692307692
MLPClassifier,relu-sgd-invscaling (10-10-10),0.495641025641
MLPClassifier,relu-sgd-invscaling (10-10-15),0.49358974359
MLPClassifier,relu-sgd-invscaling (10-15-5),0.499743589744
MLPClassifier,relu-sgd-invscaling (10-15-10),0.488974358974
MLPClassifier,relu-sgd-invscaling (10-15-15),0.508717948718
MLPClassifier,relu-sgd-invscaling (15-5-5),0.50641025641
MLPClassifier,relu-sgd-invscaling (15-5-10),0.493846153846
MLPClassifier,relu-sgd-invscaling (15-5-15),0.499230769231
MLPClassifier,relu-sgd-invscaling (15-10-5),0.491538461538
MLPClassifier,relu-sgd-invscaling (15-10-10),0.502051282051
MLPClassifier,relu-sgd-invscaling (15-10-15),0.493333333333
MLPClassifier,relu-sgd-invscaling (15-15-5),0.501282051282
MLPClassifier,relu-sgd-invscaling (15-15-10),0.484615384615
MLPClassifier,relu-sgd-invscaling (15-15-15),0.509230769231
MLPClassifier,relu-sgd-adaptive (5-5-5),0.517948717949
MLPClassifier,relu-sgd-adaptive (5-5-10),0.547179487179
MLPClassifier,relu-sgd-adaptive (5-5-15),0.550256410256
MLPClassifier,relu-sgd-adaptive (5-10-5),0.532307692308
MLPClassifier,relu-sgd-adaptive (5-10-10),0.546923076923
MLPClassifier,relu-sgd-adaptive (5-10-15),0.563846153846
MLPClassifier,relu-sgd-adaptive (5-15-5),0.529230769231
MLPClassifier,relu-sgd-adaptive (5-15-10),0.545128205128
MLPClassifier,relu-sgd-adaptive (5-15-15),0.568974358974
MLPClassifier,relu-sgd-adaptive (10-5-5),0.522820512821
MLPClassifier,relu-sgd-adaptive (10-5-10),0.538205128205
MLPClassifier,relu-sgd-adaptive (10-5-15),0.553076923077
MLPClassifier,relu-sgd-adaptive (10-10-5),0.523076923077
MLPClassifier,relu-sgd-adaptive (10-10-10),0.546153846154
MLPClassifier,relu-sgd-adaptive (10-10-15),0.556153846154
MLPClassifier,relu-sgd-adaptive (10-15-5),0.533076923077
MLPClassifier,relu-sgd-adaptive (10-15-10),0.553076923077
MLPClassifier,relu-sgd-adaptive (10-15-15),0.558461538462
MLPClassifier,relu-sgd-adaptive (15-5-5),0.518717948718
MLPClassifier,relu-sgd-adaptive (15-5-10),0.538717948718
MLPClassifier,relu-sgd-adaptive (15-5-15),0.548205128205
MLPClassifier,relu-sgd-adaptive (15-10-5),0.530256410256
MLPClassifier,relu-sgd-adaptive (15-10-10),0.549487179487
MLPClassifier,relu-sgd-adaptive (15-10-15),0.561282051282
MLPClassifier,relu-sgd-adaptive (15-15-5),0.531538461538
MLPClassifier,relu-sgd-adaptive (15-15-10),0.551282051282
MLPClassifier,relu-sgd-adaptive (15-15-15),0.558974358974
MLPClassifier,relu-adam-constant (5-5-5),0.535384615385
MLPClassifier,relu-adam-constant (5-5-10),0.537948717949
MLPClassifier,relu-adam-constant (5-5-15),0.543076923077
MLPClassifier,relu-adam-constant (5-10-5),0.54358974359
MLPClassifier,relu-adam-constant (5-10-10),0.540256410256
MLPClassifier,relu-adam-constant (5-10-15),0.548205128205
MLPClassifier,relu-adam-constant (5-15-5),0.534871794872
MLPClassifier,relu-adam-constant (5-15-10),0.547435897436
MLPClassifier,relu-adam-constant (5-15-15),0.548205128205
MLPClassifier,relu-adam-constant (10-5-5),0.52358974359
MLPClassifier,relu-adam-constant (10-5-10),0.543076923077
MLPClassifier,relu-adam-constant (10-5-15),0.545641025641
MLPClassifier,relu-adam-constant (10-10-5),0.539743589744
MLPClassifier,relu-adam-constant (10-10-10),0.536153846154
MLPClassifier,relu-adam-constant (10-10-15),0.541794871795
MLPClassifier,relu-adam-constant (10-15-5),0.527692307692
MLPClassifier,relu-adam-constant (10-15-10),0.533076923077
MLPClassifier,relu-adam-constant (10-15-15),0.528205128205
MLPClassifier,relu-adam-constant (15-5-5),0.532820512821
MLPClassifier,relu-adam-constant (15-5-10),0.543333333333
MLPClassifier,relu-adam-constant (15-5-15),0.543333333333
MLPClassifier,relu-adam-constant (15-10-5),0.536923076923
MLPClassifier,relu-adam-constant (15-10-10),0.534615384615
MLPClassifier,relu-adam-constant (15-10-15),0.53358974359
MLPClassifier,relu-adam-constant (15-15-5),0.520769230769
MLPClassifier,relu-adam-constant (15-15-10),0.536923076923
MLPClassifier,relu-adam-constant (15-15-15),0.520512820513
MLPClassifier,relu-adam-invscaling (5-5-5),0.538205128205
MLPClassifier,relu-adam-invscaling (5-5-10),0.546666666667
MLPClassifier,relu-adam-invscaling (5-5-15),0.541025641026
MLPClassifier,relu-adam-invscaling (5-10-5),0.541025641026
MLPClassifier,relu-adam-invscaling (5-10-10),0.535897435897
MLPClassifier,relu-adam-invscaling (5-10-15),0.541282051282
MLPClassifier,relu-adam-invscaling (5-15-5),0.525641025641
MLPClassifier,relu-adam-invscaling (5-15-10),0.540769230769
MLPClassifier,relu-adam-invscaling (5-15-15),0.544615384615
MLPClassifier,relu-adam-invscaling (10-5-5),0.536923076923
MLPClassifier,relu-adam-invscaling (10-5-10),0.538205128205
MLPClassifier,relu-adam-invscaling (10-5-15),0.551282051282
MLPClassifier,relu-adam-invscaling (10-10-5),0.534871794872
MLPClassifier,relu-adam-invscaling (10-10-10),0.549487179487
MLPClassifier,relu-adam-invscaling (10-10-15),0.539487179487
MLPClassifier,relu-adam-invscaling (10-15-5),0.528205128205
MLPClassifier,relu-adam-invscaling (10-15-10),0.533846153846
MLPClassifier,relu-adam-invscaling (10-15-15),0.536923076923
MLPClassifier,relu-adam-invscaling (15-5-5),0.538717948718
MLPClassifier,relu-adam-invscaling (15-5-10),0.540256410256
MLPClassifier,relu-adam-invscaling (15-5-15),0.537948717949
MLPClassifier,relu-adam-invscaling (15-10-5),0.530256410256
MLPClassifier,relu-adam-invscaling (15-10-10),0.527179487179
MLPClassifier,relu-adam-invscaling (15-10-15),0.526923076923
MLPClassifier,relu-adam-invscaling (15-15-5),0.52641025641
MLPClassifier,relu-adam-invscaling (15-15-10),0.52358974359
MLPClassifier,relu-adam-invscaling (15-15-15),0.526666666667
MLPClassifier,relu-adam-adaptive (5-5-5),0.537435897436
MLPClassifier,relu-adam-adaptive (5-5-10),0.541282051282
MLPClassifier,relu-adam-adaptive (5-5-15),0.537179487179
MLPClassifier,relu-adam-adaptive (5-10-5),0.530769230769
MLPClassifier,relu-adam-adaptive (5-10-10),0.548974358974
MLPClassifier,relu-adam-adaptive (5-10-15),0.551794871795
MLPClassifier,relu-adam-adaptive (5-15-5),0.532564102564
MLPClassifier,relu-adam-adaptive (5-15-10),0.545384615385
MLPClassifier,relu-adam-adaptive (5-15-15),0.55
MLPClassifier,relu-adam-adaptive (10-5-5),0.539487179487
MLPClassifier,relu-adam-adaptive (10-5-10),0.546923076923
MLPClassifier,relu-adam-adaptive (10-5-15),0.53
MLPClassifier,relu-adam-adaptive (10-10-5),0.533846153846
MLPClassifier,relu-adam-adaptive (10-10-10),0.546666666667
MLPClassifier,relu-adam-adaptive (10-10-15),0.534102564103
MLPClassifier,relu-adam-adaptive (10-15-5),0.536666666667
MLPClassifier,relu-adam-adaptive (10-15-10),0.537435897436
MLPClassifier,relu-adam-adaptive (10-15-15),0.532307692308
MLPClassifier,relu-adam-adaptive (15-5-5),0.530256410256
MLPClassifier,relu-adam-adaptive (15-5-10),0.544358974359
MLPClassifier,relu-adam-adaptive (15-5-15),0.537435897436
MLPClassifier,relu-adam-adaptive (15-10-5),0.537692307692
MLPClassifier,relu-adam-adaptive (15-10-10),0.536666666667
MLPClassifier,relu-adam-adaptive (15-10-15),0.534102564103
MLPClassifier,relu-adam-adaptive (15-15-5),0.526666666667
MLPClassifier,relu-adam-adaptive (15-15-10),0.523076923077
MLPClassifier,relu-adam-adaptive (15-15-15),0.528205128205
SAMME,250- AdaBoostClassifier,0.352820512821
SAMME,750- AdaBoostClassifier,0.354102564103
SAMME,1000- AdaBoostClassifier,0.357179487179
SAMME,1500- AdaBoostClassifier,0.358461538462
SAMME.R,10- AdaBoostClassifier,0.363076923077
SAMME.R,20- AdaBoostClassifier,0.385384615385
SAMME.R,100- AdaBoostClassifier,0.359230769231
SVC,linear,0.384615384615
gini,DecisionTreeClassifier gini best,0.358974358974
SAMME,500- AdaBoostClassifier,0.351025641026
SAMME.R,150- AdaBoostClassifier,0.350512820513
SAMME.R,200- AdaBoostClassifier,0.325128205128
SAMME.R,250- AdaBoostClassifier,0.342307692308
SAMME.R,500- AdaBoostClassifier,0.328205128205
SAMME.R,750- AdaBoostClassifier,0.321794871795
SAMME.R,1000- AdaBoostClassifier,0.315128205128
SAMME.R,1500- AdaBoostClassifier,0.318717948718
